Submission id,Participant id,Status,Custom study tncs accepted at,Started at,Completed at,Reviewed at,Archived at,Time taken,Completion code,Total approvals,Social-media,U.s. political affiliation,Age,Sex,Ethnicity simplified,Country of birth,Country of residence,Nationality,Language,Student status,Employment status
672924691019ae7dffe746e2,60ff4947f329136761a45103,APPROVED,Not Applicable,2024-11-04T19:46:26.104000Z,2024-11-04T19:58:05.888000Z,2024-11-04T22:23:54.502000Z,2024-11-04T19:59:57.673496Z,700.0,CV0XRWGP,329,"Facebook, Youtube, Instagram, Reddit, TikTok",Democrat,27,Female,White,United States,United States,United States,English,No,Full-Time
672924abadb316ce0e29a1c0,6728d8b6eb938d674accb5e7,APPROVED,Not Applicable,2024-11-04T19:46:56.180000Z,2024-11-04T19:51:47.940000Z,2024-11-04T22:23:54.839000Z,2024-11-04T19:51:49.619170Z,292.0,CV0XRWGP,10,"Linkedin, Youtube, Facebook, Instagram, Reddit",Democrat,31,Female,White,United States,United States,United States,English,No,Full-Time
67292547d5d1abff156673b0,6110878b7d1780f35b6d53b4,APPROVED,Not Applicable,2024-11-04T19:49:33.913000Z,2024-11-04T20:05:27.728000Z,2024-11-04T22:23:55.295000Z,2024-11-04T20:05:28.428126Z,954.0,CV0XRWGP,419,"Facebook, Twitter, Youtube, Pinterest, Instagram, Reddit, TikTok",Democrat,25,Female,Mixed,United States,United States,United States,English,Yes,Full-Time
672925ed70022f2376ecea7c,5fbb3e448a2ddbc3382f234c,APPROVED,Not Applicable,2024-11-04T19:52:19.056000Z,2024-11-04T19:56:06.698000Z,2024-11-04T22:23:55.611000Z,2024-11-04T19:58:46.380297Z,228.0,CV0XRWGP,387,"Youtube, Twitter, Instagram, Reddit",Democrat,40,Male,White,United States,United States,United States,English,No,Full-Time
672926a03fdc93c608e1262e,667b2f1ebd0fe96b4afb83f5,APPROVED,Not Applicable,2024-11-04T19:55:18.510000Z,2024-11-04T19:59:10.282000Z,2024-11-04T22:23:55.975000Z,2024-11-04T20:01:02.168159Z,232.0,CV0XRWGP,478,"Facebook, Youtube, Twitter, Linkedin, Instagram, Reddit, TikTok",Democrat,46,Female,White,United States,United States,United States,English,No,Full-Time
6729275aedb71c456c7732cb,664df2de088c4acb7473b3ff,APPROVED,Not Applicable,2024-11-04T19:58:24.453000Z,2024-11-04T20:04:05.440000Z,2024-11-04T22:23:56.427000Z,2024-11-04T20:04:06.093425Z,341.0,CV0XRWGP,311,"Facebook, Youtube, Pinterest, Instagram, Reddit, Snapchat, TikTok",Democrat,38,Female,Asian,Pakistan,United States,United States,English,No,Full-Time
6729282d67914e788e80e855,63cee7d22818a88c1d437e56,APPROVED,Not Applicable,2024-11-04T20:01:55.945000Z,2024-11-04T20:08:21.873000Z,2024-11-04T22:23:56.868000Z,2024-11-04T20:08:22.959642Z,386.0,CV0XRWGP,151,"Youtube, Linkedin, Reddit, TikTok",Democrat,27,Male,White,United States,United States,United States,English,No,Unemployed (and job seeking)
67292917eb2ba48d9e381beb,66463bc93e6f6e846ffb0b85,APPROVED,Not Applicable,2024-11-04T20:05:51Z,2024-11-04T20:15:00.254000Z,2024-11-04T22:23:57.298000Z,2024-11-04T20:15:45.713854Z,550.0,CV0XRWGP,442,"Youtube, Instagram, Reddit, TikTok, Snapchat",Democrat,30,Female,White,United States,United States,United States,English,No,Part-Time
672929ea42e93d9b8e255814,66293afa0603edc9d10882fc,APPROVED,Not Applicable,2024-11-04T20:09:18.810000Z,2024-11-04T20:15:09.475000Z,2024-11-04T22:23:58.173000Z,2024-11-04T20:15:51.550624Z,351.0,CV0XRWGP,497,"Facebook, Youtube, Linkedin, Instagram, TikTok",Democrat,50,Female,White,United States,United States,United States,English,DATA_EXPIRED,DATA_EXPIRED
67292a5a9bd2fa531b683186,66d89eb45a5dc4d8d967ad28,APPROVED,Not Applicable,2024-11-04T20:11:11.986000Z,2024-11-04T20:13:25.648000Z,2024-11-04T22:23:58.684000Z,2024-11-04T20:14:16.688765Z,134.0,CV0XRWGP,115,"Facebook, Youtube, Instagram, Reddit",Democrat,36,Female,White,United States,United States,United States,English,No,Full-Time
672949cca42533a1f97abdc5,65ced4a0331028ff568c97d7,APPROVED,Not Applicable,2024-11-04T22:25:22.222000Z,2024-11-04T22:28:42.733000Z,2024-11-04T23:14:35.825000Z,2024-11-04T22:28:45.998296Z,201.0,CV0XRWGP,351,"Youtube, Facebook, Twitter, Linkedin, Pinterest, Reddit, Instagram, Snapchat, TikTok",Democrat,20,Female,Asian,United States,United States,United States,English,DATA_EXPIRED,DATA_EXPIRED
672949d4c65028749b3591ba,60a075bcc900389813dd06b0,APPROVED,Not Applicable,2024-11-04T22:25:30.951000Z,2024-11-04T22:28:59.826000Z,2024-11-04T23:14:36.212000Z,2024-11-04T23:29:27.653670Z,209.0,CV0XRWGP,798,"Youtube, Instagram, Reddit, Snapchat, TikTok",Democrat,23,Male,White,United States,United States,United States,English,DATA_EXPIRED,DATA_EXPIRED
672949d66c382d4b3cf2cf5f,5e26ed82677d6f91fcf492f8,APPROVED,Not Applicable,2024-11-04T22:25:31Z,2024-11-04T22:34:30.290000Z,2024-11-04T23:14:36.439000Z,2024-11-04T22:35:43.081480Z,540.0,CV0XRWGP,3600,"Twitter, Reddit, Youtube",Democrat,45,Male,Other,United States,United States,United States,English,No,Full-Time
672949dadc5139f3c6d2b649,55898d0ffdf99b7ae47f5d45,APPROVED,Not Applicable,2024-11-04T22:25:35.296000Z,2024-11-04T22:31:49.391000Z,2024-11-04T23:14:36.686000Z,2024-11-04T22:35:19.825679Z,375.0,CV0XRWGP,1400,"Facebook, Youtube, Twitter, Pinterest, Reddit",Democrat,32,Male,White,United States,United States,United States,English,No,Full-Time
672949df7837984615857fb2,5c7de7a44a0a4b001686fd98,APPROVED,Not Applicable,2024-11-04T22:25:41.885000Z,2024-11-04T22:30:42.349000Z,2024-11-04T23:14:36.911000Z,2024-11-04T22:34:22.067683Z,301.0,CV0XRWGP,1341,"Reddit, Youtube, Twitter, Instagram",Democrat,24,Male,Mixed,United States,United States,United States,English,No,DATA_EXPIRED
672949e2f9e8d7cd9ccda958,652fef7dd80b934fb2a0e4d6,APPROVED,Not Applicable,2024-11-04T22:25:42.773000Z,2024-11-04T22:28:43.283000Z,2024-11-04T23:14:37.177000Z,2024-11-04T22:28:45.640903Z,181.0,CV0XRWGP,1742,Reddit,Democrat,42,Female,White,United States,United States,United States,English,No,Full-Time
67294a07dafbec3b21321a74,5e3b759740e302397f294a2d,APPROVED,Not Applicable,2024-11-04T22:26:18.102000Z,2024-11-04T22:29:49.144000Z,2024-11-04T23:14:37.509000Z,2024-11-04T22:32:32.426279Z,212.0,CV0XRWGP,1468,"Youtube, Reddit, Instagram, Tumblr, Pinterest, Facebook, Twitter",Democrat,26,Female,Asian,United States,United States,United States,English,Yes,Part-Time
67294a0bd6a970787e4165e5,66374f8e9c1ca211b6f74732,APPROVED,Not Applicable,2024-11-04T22:26:25.381000Z,2024-11-04T22:35:01.924000Z,2024-11-04T23:14:38.387000Z,2024-11-04T22:35:44.350107Z,517.0,CV0XRWGP,192,"Youtube, Twitter, Pinterest, Instagram, Reddit, TikTok",Democrat,39,Male,White,United States,United States,United States,English,No,Part-Time
67294a469bd2fa531b68386e,600cff71c2b8b6481b27bff4,APPROVED,Not Applicable,2024-11-04T22:27:22.056000Z,2024-11-04T22:31:09.618000Z,2024-11-04T23:14:38.682000Z,2024-11-04T22:35:13.521840Z,228.0,CV0XRWGP,1486,"Twitter, Youtube, Reddit",Democrat,28,Female,White,United States,United States,United States,English,DATA_EXPIRED,DATA_EXPIRED
67294a638187e4253c5ff8ae,62ef8372cd41d2893d237b6b,APPROVED,Not Applicable,2024-11-04T22:27:52.619000Z,2024-11-04T22:31:05.086000Z,2024-11-04T23:14:38.927000Z,2024-11-04T22:35:12.187042Z,193.0,CV0XRWGP,2234,"Facebook, Youtube, Instagram, Reddit, Snapchat, TikTok",Democrat,27,Male,Mixed,United States,United States,United States,English,No,Full-Time
67294aab862e13f49808e7a4,602b341eaa844c268044e8f4,APPROVED,Not Applicable,2024-11-04T22:29:08.576000Z,2024-11-04T22:36:00.443000Z,2024-11-04T23:14:39.161000Z,2024-11-04T22:36:00.937867Z,412.0,CV0XRWGP,331,"Facebook, Youtube, Pinterest, Instagram, Reddit",Democrat,42,Female,White,United States,United States,United States,English,No,Full-Time
67294ac48194b010025e0852,5f514a32f4577317da5da78f,APPROVED,Not Applicable,2024-11-04T22:29:29.887000Z,2024-11-04T22:33:23.774000Z,2024-11-04T23:14:39.393000Z,2024-11-04T22:35:37.619486Z,234.0,CV0XRWGP,5276,"Youtube, Linkedin, Reddit, Instagram",Democrat,34,Male,White,United States,United States,United States,English,No,Full-Time
67294acb02da9c9b64331e85,65a2b63ce6c9bebdef578413,APPROVED,Not Applicable,2024-11-04T22:29:37.017000Z,2024-11-04T22:33:18.395000Z,2024-11-04T23:14:39.625000Z,2024-11-04T22:35:36.183732Z,222.0,CV0XRWGP,1276,"Twitter, Youtube, Reddit, Instagram",Democrat,33,Male,White,United States,United States,United States,English,Yes,Full-Time
67294afdfceb3174995d50f7,6636846a9190727f3132791a,RETURNED,Not Applicable,2024-11-04T22:41:00.055000Z,,,2024-11-04T23:15:16.245850Z,,,707,CONSENT_REVOKED,CONSENT_REVOKED,CONSENT_REVOKED,CONSENT_REVOKED,CONSENT_REVOKED,CONSENT_REVOKED,CONSENT_REVOKED,CONSENT_REVOKED,CONSENT_REVOKED,CONSENT_REVOKED,CONSENT_REVOKED
67294b2047ee34b9f582e5d8,5fa0ec6d81b63717a99bcb31,APPROVED,Not Applicable,2024-11-04T22:31:01.681000Z,2024-11-04T22:34:43.857000Z,2024-11-04T23:14:39.856000Z,2024-11-04T22:35:45.190854Z,223.0,CV0XRWGP,1717,"Facebook, Twitter, Pinterest, Tumblr",Democrat,28,Female,Mixed,United States,United States,United States,English,Yes,"Not in paid work (e.g. homemaker', 'retired or disabled)"
67294b3af863d7ae8b20a9ef,66da3a38015c1244cc2b278f,APPROVED,Not Applicable,2024-11-04T22:31:28.316000Z,2024-11-04T22:34:42.259000Z,2024-11-04T23:14:40.100000Z,2024-11-04T22:35:43.369014Z,194.0,CV0XRWGP,126,"Facebook, Youtube, Twitter, Pinterest",Democrat,27,Female,White,United States,United States,United States,English,No,Unemployed (and job seeking)
67294b3bc65028749b35920c,60ff348b2ff466e4d1feca5d,APPROVED,Not Applicable,2024-11-04T22:31:29.004000Z,2024-11-04T22:36:07.391000Z,2024-11-04T23:14:40.343000Z,2024-11-04T22:36:07.890248Z,279.0,CV0XRWGP,2951,"Facebook, Youtube, Snapchat, TikTok",Democrat,26,Female,Black,United States,United States,United States,English,Yes,Full-Time
67294b6241e1aef9d72b7d6e,5938e042e9b44100013ae891,APPROVED,Not Applicable,2024-11-04T22:32:09.426000Z,2024-11-04T22:39:07.600000Z,2024-11-04T23:14:40.583000Z,2024-11-04T22:39:08.618586Z,419.0,CV0XRWGP,8513,"Facebook, Youtube, Twitter, Linkedin, Pinterest, Tumblr, Instagram, Reddit, Snapchat, TikTok",Democrat,39,Female,White,United States,United States,United States,English,No,Full-Time
67294bde8194b010025e08a7,610765c6d41933eba28b45a9,APPROVED,Not Applicable,2024-11-04T22:34:10.615000Z,2024-11-04T22:38:06.929000Z,2024-11-04T23:14:40.819000Z,2024-11-04T22:38:07.789577Z,237.0,CV0XRWGP,1483,"Facebook, Youtube, Twitter, Linkedin, Pinterest, Google Plus, Tumblr, Instagram, Reddit, Snapchat, TikTok",Democrat,28,Female,White,United States,United States,United States,English,No,Full-Time
67294be21448daca206f27ed,66608c06ded6c4adca8a1638,APPROVED,Not Applicable,2024-11-04T22:34:14.897000Z,2024-11-04T22:38:43.539000Z,2024-11-04T23:14:41.060000Z,2024-11-04T22:38:45.640811Z,269.0,CV0XRWGP,120,"Twitter, Instagram, Reddit, TikTok, Snapchat, Youtube, Pinterest",Democrat,24,Female,Black,United States,United States,United States,English,Yes,"Not in paid work (e.g. homemaker', 'retired or disabled)"
67294d93f7733366b03ae3ca,6712e1af73dfa2bfa2d623a8,APPROVED,Not Applicable,2024-11-04T22:41:28.787000Z,2024-11-04T22:49:38.270000Z,2024-11-04T23:14:41.302000Z,2024-11-04T22:50:59.882944Z,490.0,CV0XRWGP,84,"Facebook, Youtube, Linkedin, Pinterest",Democrat,46,Female,White,United States,United States,United States,English,No,Part-Time
672955c936dbc5dc37e12a97,6310ceffa120ca2c1fbe1d92,APPROVED,Not Applicable,2024-11-04T23:16:32.382000Z,2024-11-04T23:22:08.656000Z,2024-11-05T15:15:52.626000Z,2024-11-04T23:24:40.524458Z,337.0,CV0XRWGP,860,"Facebook, Youtube, Reddit",Democrat,45,Female,White,United States,United States,United States,English,No,Unemployed (and job seeking)
672955cb240b5aac09c70d88,6155d67aefa943dad800a5b4,APPROVED,Not Applicable,2024-11-04T23:16:32.224000Z,2024-11-04T23:22:29.339000Z,2024-11-05T15:15:53.135000Z,2024-11-04T23:25:36.245502Z,358.0,CV0XRWGP,359,Facebook,Democrat,52,Female,White,United States,United States,United States,English,No,Full-Time
672955d01830ba78a3b32228,6643f4b1e70df88c267ceb30,APPROVED,Not Applicable,2024-11-04T23:16:37.221000Z,2024-11-04T23:20:16.460000Z,2024-11-05T15:15:53.612000Z,2024-11-04T23:20:17.085167Z,220.0,CV0XRWGP,202,"Youtube, Twitter, Instagram, Reddit, Snapchat",Democrat,20,Male,Mixed,United States,United States,United States,Japanese,Yes,Due to start a new job within the next month
672955d7558d1a61c5655648,60e2193771b86e6712f86efc,APPROVED,Not Applicable,2024-11-04T23:16:48.365000Z,2024-11-04T23:24:32.376000Z,2024-11-05T15:15:54.073000Z,2024-11-04T23:26:49.471811Z,465.0,CV0XRWGP,669,"Facebook, Youtube, Twitter, Linkedin, Tumblr, Instagram, Reddit, Snapchat, TikTok",Democrat,31,Male,Black,United States,United States,United States,English,No,Full-Time
672955dc3ee71b5eec656433,5786f020fa4465000113e8c7,APPROVED,Not Applicable,2024-11-04T23:16:48.444000Z,2024-11-04T23:24:09.059000Z,2024-11-05T15:15:54.513000Z,2024-11-04T23:26:40.561885Z,441.0,CV0XRWGP,183,"Youtube, Reddit",Democrat,33,Female,DATA_EXPIRED,United States,United States,United States,English,DATA_EXPIRED,DATA_EXPIRED
672955e6e9608f4f3dd99f10,6631a603f13fd9060d28f5b8,APPROVED,Not Applicable,2024-11-04T23:17:04.047000Z,2024-11-04T23:28:10.017000Z,2024-11-05T15:15:54.950000Z,2024-11-04T23:28:10.767034Z,666.0,CV0XRWGP,473,"Facebook, Youtube, Instagram",Democrat,45,Female,Mixed,United States,United States,United States,English,DATA_EXPIRED,DATA_EXPIRED
672955e84f7ef0439c20f47d,5d89c4dd68f9d60001a21500,APPROVED,Not Applicable,2024-11-04T23:17:00.730000Z,2024-11-04T23:23:24.459000Z,2024-11-05T15:15:55.565000Z,2024-11-04T23:26:29.897058Z,384.0,CV0XRWGP,3236,"Facebook, Youtube, Twitter, Instagram, Reddit, TikTok",Democrat,27,Female,White,United States,United States,United States,English,No,"Not in paid work (e.g. homemaker', 'retired or disabled)"
672955e8645d2b9ad6b31ffb,5dddd93ce2dcbdd58abe31f2,APPROVED,Not Applicable,2024-11-04T23:17:10.080000Z,2024-11-04T23:23:34.982000Z,2024-11-05T15:15:56.033000Z,2024-11-04T23:26:32.914935Z,385.0,CV0XRWGP,2629,"Youtube, Facebook",Democrat,75,Male,White,United States,United States,United States,English,No,"Not in paid work (e.g. homemaker', 'retired or disabled)"
672955e9c4e58fb5ab52f934,663a68aa742bcff8b0f8c014,APPROVED,Not Applicable,2024-11-04T23:18:22.302000Z,2024-11-04T23:27:11.834000Z,2024-11-05T15:15:56.507000Z,2024-11-04T23:27:23.005561Z,530.0,CV0XRWGP,919,"Youtube, Facebook, Snapchat, Instagram",Democrat,31,Female,White,United States,United States,United States,English,No,Part-Time
672955eb39104e0a5ef5f55f,611945fc6980c74d56ebaa43,APPROVED,Not Applicable,2024-11-04T23:17:04.463000Z,2024-11-04T23:22:55.418000Z,2024-11-05T15:15:56.884000Z,2024-11-04T23:26:21.020682Z,351.0,CV0XRWGP,495,"Facebook, Youtube, Twitter, Instagram",Democrat,27,Female,White,United States,United States,United States,English,No,Full-Time
672956bc9704a36351d91c52,66f609ee08235c3e1020be48,APPROVED,Not Applicable,2024-11-04T23:20:38.633000Z,2024-11-04T23:31:45.086000Z,2024-11-05T15:15:57.368000Z,2024-11-04T23:31:47.018738Z,667.0,CV0XRWGP,31,"Youtube, Pinterest, Instagram, Reddit, ask.fm, TikTok",Democrat,45,Female,White,United States,United States,United States,English,No,Part-Time
67295727a29ef3039f62cbdf,5f01230b4f8dff26fad883d2,APPROVED,Not Applicable,2024-11-04T23:22:18.496000Z,2024-11-04T23:25:38.305000Z,2024-11-05T15:15:57.800000Z,2024-11-04T23:27:07.780572Z,200.0,CV0XRWGP,2463,"Facebook, Youtube, Twitter, Linkedin, Instagram, Reddit",Democrat,23,Male,White,United States,United States,United States,English,Yes,Full-Time
67295737cdfd3c3bab666a65,65958438929aaa555306b792,APPROVED,Not Applicable,2024-11-04T23:22:39.879000Z,2024-11-04T23:30:03.219000Z,2024-11-05T15:15:58.229000Z,2024-11-04T23:30:03.775400Z,444.0,CV0XRWGP,199,"Tumblr, Pinterest, Twitter, Youtube, Facebook, Instagram, Reddit",Democrat,41,Female,Black,United States,United States,United States,English,No,"Not in paid work (e.g. homemaker', 'retired or disabled)"
6729575abc8d5f866d1cf6a2,66f79e4ad5c034f3860a9619,APPROVED,Not Applicable,2024-11-04T23:23:21.601000Z,2024-11-04T23:30:33.784000Z,2024-11-05T15:15:58.692000Z,2024-11-04T23:30:34.467202Z,433.0,CV0XRWGP,60,"Snapchat, Instagram, Facebook, Youtube, Reddit",Democrat,30,Female,Asian,United States,United States,United States,Vietnamese,No,DATA_EXPIRED
6729577ab657234de25ad8db,66864148763565064cf73355,RETURNED,Not Applicable,2024-11-04T23:23:48.242000Z,,,2024-11-05T16:21:57.561973Z,,,454,CONSENT_REVOKED,CONSENT_REVOKED,CONSENT_REVOKED,CONSENT_REVOKED,CONSENT_REVOKED,CONSENT_REVOKED,CONSENT_REVOKED,CONSENT_REVOKED,CONSENT_REVOKED,CONSENT_REVOKED,CONSENT_REVOKED
6729577d01fd543534d50ceb,66f59c0fdab62fb395b9b969,APPROVED,Not Applicable,2024-11-04T23:23:54.174000Z,2024-11-04T23:30:27.873000Z,2024-11-05T15:15:59.122000Z,2024-11-04T23:30:28.454375Z,394.0,CV0XRWGP,176,"Facebook, Linkedin, Youtube, Instagram, Reddit, TikTok, Medium",Democrat,45,Female,White,United States,United States,United States,English,No,Full-Time
67295799b315d509b2d2b527,6726c7578667d179b8d5fdab,APPROVED,Not Applicable,2024-11-04T23:24:09.453000Z,2024-11-04T23:35:44.611000Z,2024-11-05T15:16:00.459000Z,2024-11-05T00:09:52.654947Z,696.0,CV0XRWGP,28,"Facebook, Youtube, Twitter, Pinterest, Instagram, Reddit",Democrat,46,Male,White,United States,United States,United States,English,No,Full-Time
672957b6277502ba244ecdd0,606667192ccf1e458255d668,APPROVED,Not Applicable,2024-11-04T23:24:44.418000Z,2024-11-04T23:38:13.086000Z,2024-11-05T15:16:01.001000Z,2024-11-04T23:40:16.426745Z,809.0,CV0XRWGP,642,"Facebook, Youtube, Twitter, Linkedin, Reddit",Democrat,37,Male,White,United States,United States,United States,English,DATA_EXPIRED,Full-Time
672957f4240b5aac09c70e0e,66a4411e4af4981c772181e2,APPROVED,Not Applicable,2024-11-04T23:25:44.913000Z,2024-11-04T23:31:05.550000Z,2024-11-05T15:16:01.394000Z,2024-11-04T23:31:06.387860Z,321.0,CV0XRWGP,335,"Facebook, Youtube, Twitter, Linkedin, Instagram, Snapchat, TikTok",Democrat,38,Female,Mixed,United States,United States,United States,English,No,Full-Time
67295857b7ca67cc43c60317,67282bd83f8d0606edf4b368,APPROVED,Not Applicable,2024-11-04T23:27:22.451000Z,2024-11-04T23:31:10.814000Z,2024-11-05T15:16:01.795000Z,2024-11-04T23:31:11.422870Z,229.0,CV0XRWGP,14,"Youtube, TikTok, Snapchat, Reddit, Instagram",Democrat,26,Female,White,United States,United States,United States,English,No,Full-Time
672958855b3f4a6deccda1d0,663e6aee86652878a3ebeac8,APPROVED,Not Applicable,2024-11-04T23:28:10.021000Z,2024-11-04T23:36:21.660000Z,2024-11-05T15:16:02.224000Z,2024-11-04T23:39:42.992707Z,492.0,CV0XRWGP,575,"Facebook, Reddit, Snapchat, TikTok, Youtube",Democrat,37,Female,Other,United States,United States,United States,English,No,"Not in paid work (e.g. homemaker', 'retired or disabled)"
672a4ada0f87edd43abcd255,5f8614b5dae6f31327b20577,APPROVED,Not Applicable,2024-11-05T16:42:22.591000Z,2024-11-05T16:51:28.031000Z,2024-11-05T17:05:38.098000Z,2024-11-05T16:51:40.824189Z,546.0,CV0XRWGP,2638,"Youtube, Twitter, Tumblr, Instagram, TikTok",Democrat,22,Female,Black,United States,United States,United States,English,No,Unemployed (and job seeking)
672a4adf44c6bf7bc850368d,663a0eeaf80aac20f90fac2a,APPROVED,Not Applicable,2024-11-05T16:42:14.277000Z,2024-11-05T16:53:25.485000Z,2024-11-05T17:05:38.462000Z,2024-11-05T16:53:57.855871Z,672.0,CV0XRWGP,161,"Facebook, Youtube, Twitter, Instagram, Reddit",Democrat,36,Female,Mixed,United States,United States,United States,English,No,Other
672a4ae3527d86b11e0d8194,60fee48ed856348cd4742c76,APPROVED,Not Applicable,2024-11-05T16:42:17.033000Z,2024-11-05T16:48:34.556000Z,2024-11-05T17:05:38.797000Z,2024-11-05T16:48:36.636573Z,378.0,CV0XRWGP,289,"Youtube, Pinterest, Tumblr, Instagram, Snapchat, TikTok",Democrat,21,Female,White,United States,United States,United States,English,No,Part-Time
672a4ae6527d86b11e0d8199,665a0857a0c87db18a268c58,APPROVED,Not Applicable,2024-11-05T16:43:58.782000Z,2024-11-05T16:48:36.487000Z,2024-11-05T17:05:39.472000Z,2024-11-05T16:48:37.245428Z,278.0,CV0XRWGP,591,"Youtube, Reddit",Democrat,36,Female,White,United States,United States,United States,English,No,Unemployed (and job seeking)
672a4ae7e2562ee2f3d3933c,66295f0e9bcde360755403f0,APPROVED,Not Applicable,2024-11-05T16:42:21.439000Z,2024-11-05T16:47:06.705000Z,2024-11-05T17:05:40.073000Z,2024-11-05T16:47:15.842145Z,286.0,CV0XRWGP,204,"Facebook, Youtube, Twitter, Instagram, Reddit",Democrat,40,Female,White,United States,United States,United States,English,No,Full-Time
672a50d5d6d6cc97ad13d5f3,5a6fd0626923df0001ef977b,APPROVED,Not Applicable,2024-11-05T17:08:20.197000Z,2024-11-05T17:14:29.271000Z,2024-11-05T18:57:31.755000Z,2024-11-05T17:15:02.775147Z,370.0,CV0XRWGP,3253,"Instagram, Reddit, Facebook, Youtube",Democrat,36,Male,White,United States,United States,United States,English,No,Part-Time
672a51fde2386206173cecd8,6630daa019b7932ca293ab34,APPROVED,Not Applicable,2024-11-05T17:12:42.198000Z,2024-11-05T17:31:58.782000Z,2024-11-05T18:57:32.136000Z,2024-11-05T17:36:26.503594Z,1157.0,CV0XRWGP,1005,"Facebook, Youtube, Twitter",Democrat,42,Male,Black,United States,United States,United States,English,No,Part-Time
672a524a99f6133fff6f8896,6642443d20c6756676eb72c3,APPROVED,Not Applicable,2024-11-05T17:13:53.690000Z,2024-11-05T17:19:24.278000Z,2024-11-05T18:57:32.441000Z,2024-11-05T17:19:24.993733Z,331.0,CV0XRWGP,312,"Facebook, Youtube, Linkedin, Pinterest, Reddit",Democrat,41,Female,White,United States,United States,United States,English,No,Due to start a new job within the next month
672a52ee0e8f31ffbb4d1527,662da25fc17944dbf5c4e771,APPROVED,Not Applicable,2024-11-05T17:16:35.544000Z,2024-11-05T17:22:44.005000Z,2024-11-05T18:57:32.683000Z,2024-11-05T17:25:05.397381Z,369.0,CV0XRWGP,762,"Instagram, Reddit, TikTok",Democrat,32,Female,Mixed,United States,United States,United States,English,Yes,Full-Time
672a5308dd1e4e8c69bf1569,65c252b8c77492c4cd360a09,APPROVED,Not Applicable,2024-11-05T17:17:08.776000Z,2024-11-05T17:23:43.322000Z,2024-11-05T18:57:32.916000Z,2024-11-05T17:25:31.556631Z,395.0,CV0XRWGP,142,"Facebook, Instagram, Snapchat, TikTok",Democrat,35,Female,Black,United States,United States,United States,English,Yes,Full-Time
672a53120061d1917248c0af,671ee411e8f355dad36f4b7b,APPROVED,Not Applicable,2024-11-05T17:17:11.374000Z,2024-11-05T17:27:18.536000Z,2024-11-05T18:57:33.144000Z,2024-11-05T17:27:24.369156Z,608.0,CV0XRWGP,60,"Youtube, Twitter, Instagram, Reddit, TikTok, Snapchat",Democrat,26,Male,Black,United States,United States,United States,English,No,Full-Time
672a53374bb62af16f7b4467,639c68bc52c767567d9cee5b,APPROVED,Not Applicable,2024-11-05T17:17:51.634000Z,2024-11-05T17:34:43.096000Z,2024-11-05T18:57:33.369000Z,2024-11-05T17:37:09.595272Z,1012.0,CV0XRWGP,947,"Facebook, Youtube, Twitter, Linkedin, Instagram, Reddit, TikTok, Snapchat",Democrat,54,Male,White,United States,United States,United States,English,DATA_EXPIRED,DATA_EXPIRED
672a5342bd04a0efa5b4f50c,66c746865d6f3002fe597fa6,APPROVED,Not Applicable,2024-11-05T17:17:58.543000Z,2024-11-05T17:22:55.345000Z,2024-11-05T18:57:33.587000Z,2024-11-05T17:25:12.584211Z,297.0,CV0XRWGP,397,"Facebook, Youtube, Linkedin, Pinterest",Democrat,37,Female,White,United States,United States,United States,English,No,Full-Time
672a535c0c9ff4ce26a39e9e,66a4591c98b2677590fcdffb,APPROVED,Not Applicable,2024-11-05T17:18:24.101000Z,2024-11-05T17:22:07.592000Z,2024-11-05T18:57:33.804000Z,2024-11-05T17:24:32.413390Z,224.0,CV0XRWGP,546,"Facebook, Youtube, TikTok",Democrat,47,Female,White,United States,United States,United States,English,No,"Not in paid work (e.g. homemaker', 'retired or disabled)"
672a536788680f3357a77ca8,66880d1b1866827580ac8f78,APPROVED,Not Applicable,2024-11-05T17:18:35.562000Z,2024-11-05T17:24:07.930000Z,2024-11-05T18:57:34.313000Z,2024-11-05T17:25:46.232196Z,333.0,CV0XRWGP,362,"Facebook, Youtube, Twitter, Linkedin, Reddit, Instagram, Snapchat, TikTok",Democrat,24,Female,Mixed,United States,United States,United States,English,Yes,Unemployed (and job seeking)
672a536b359db3ac1983632f,6640c062dbc5620b17c3f6d8,APPROVED,Not Applicable,2024-11-05T17:18:40.790000Z,2024-11-05T17:23:31.596000Z,2024-11-05T18:57:34.546000Z,2024-11-05T17:25:27.062692Z,291.0,CV0XRWGP,475,"Facebook, Reddit, Instagram, Twitter",Democrat,42,Female,White,United States,United States,United States,English,No,Full-Time
672a53a4de74f639ab75b0cb,656ea0d1171b158205065fbb,APPROVED,Not Applicable,2024-11-05T17:19:41.357000Z,2024-11-05T17:27:46.953000Z,2024-11-05T18:57:34.785000Z,2024-11-05T17:27:47.638770Z,486.0,CV0XRWGP,761,"Facebook, Instagram, Youtube",Democrat,72,Female,White,Netherlands,United States,United States,English,No,"Not in paid work (e.g. homemaker', 'retired or disabled)"
672a5449cbae3bc60ea45894,65ca7d29af5b6440d955430a,APPROVED,Not Applicable,2024-11-05T17:22:40.232000Z,2024-11-05T17:26:50.040000Z,2024-11-05T18:57:35.028000Z,2024-11-05T17:26:59.570335Z,250.0,CV0XRWGP,411,"Facebook, Youtube, Twitter, Pinterest, Instagram, TikTok, Snapchat",Democrat,34,Female,Black,United States,United States,United States,English,No,Unemployed (and job seeking)
672a54649e895580c89b6628,5e9a2f95fe11450cc4a6b2be,APPROVED,Not Applicable,2024-11-05T17:22:44.077000Z,2024-11-05T17:27:42.574000Z,2024-11-05T18:57:35.263000Z,2024-11-05T17:27:44.700885Z,299.0,CV0XRWGP,6984,"Facebook, Youtube, Twitter, Pinterest, Tumblr, Instagram, Reddit",Democrat,36,Female,White,United States,United States,United States,English,No,Full-Time
672a5483a67d1caafc248cb8,59b9e2d3d9ebf90001840905,APPROVED,Not Applicable,2024-11-05T17:23:40.142000Z,2024-11-05T17:31:30.822000Z,2024-11-05T18:57:35.599000Z,2024-11-05T17:31:31.629366Z,471.0,CV0XRWGP,440,"Facebook, Reddit, Youtube, Pinterest",Democrat,48,Female,White,United States,United States,United States,English,No,Part-Time
672a549f1ebde9dfb136154f,657daec012d4254e4dc6f89f,APPROVED,Not Applicable,2024-11-05T17:23:53.860000Z,2024-11-05T17:39:14.435000Z,2024-11-05T18:57:35.926000Z,2024-11-05T17:39:17.761073Z,921.0,CV0XRWGP,176,"Facebook, Youtube, Twitter, Linkedin, Pinterest, Instagram, Reddit, TikTok, Snapchat",Democrat,43,Female,Black,United States,United States,United States,English,Yes,Full-Time
672a54a396b76a8bd2f0c1e2,5ee29af522f48c185064d5fd,APPROVED,Not Applicable,2024-11-05T17:23:51.945000Z,2024-11-05T17:30:07.927000Z,2024-11-05T18:57:36.205000Z,2024-11-05T17:30:08.740309Z,376.0,CV0XRWGP,1544,"Facebook, Youtube",Democrat,35,Female,White,United States,United States,United States,English,No,Full-Time
672a54b9a0ad73dc68369995,66b929d1d8f3bcf3b1929bc5,APPROVED,Not Applicable,2024-11-05T17:24:16.588000Z,2024-11-05T17:31:24.832000Z,2024-11-05T18:57:36.466000Z,2024-11-05T17:31:25.683620Z,429.0,CV0XRWGP,428,"Facebook, Youtube, Twitter, Linkedin, Instagram, Reddit",Democrat,58,Female,White,United States,United States,United States,English,No,Full-Time
672a55620e4aca1188df7a3f,66f6dfde93de2c0d7eaf463f,APPROVED,Not Applicable,2024-11-05T17:27:03.992000Z,2024-11-05T17:32:47.032000Z,2024-11-05T18:57:36.716000Z,2024-11-05T17:36:43.096759Z,344.0,CV0XRWGP,239,"Facebook, Youtube, Twitter, Linkedin, Instagram, Reddit, TikTok",Democrat,45,Male,White,United States,United States,United States,English,No,Full-Time
672a55764c95749aa51237c7,667daedf476092c4f2609e26,APPROVED,Not Applicable,2024-11-05T17:27:23.944000Z,2024-11-05T17:33:00.171000Z,2024-11-05T18:57:36.968000Z,2024-11-05T17:36:46.038571Z,337.0,CV0XRWGP,698,"Instagram, Reddit, Twitter, Youtube",Democrat,44,Male,Black,United States,United States,United States,English,No,Part-Time
672a559bbe4748066bbeaaa8,570d22b35e5156000efd8bd5,APPROVED,Not Applicable,2024-11-05T17:28:01.543000Z,2024-11-05T17:35:45.999000Z,2024-11-05T18:57:37.219000Z,2024-11-05T17:37:20.246596Z,465.0,CV0XRWGP,4466,"Facebook, Youtube, Twitter, Linkedin, Pinterest, Google Plus, Tumblr, Instagram, Reddit, Flickr, Vine.co, Meetup, Snapchat, TikTok",Democrat,42,Male,White,United States,United States,United States,English,No,Full-Time
672a55ac30a4fad91c19dac8,6691f2d8acd865fc152edb83,APPROVED,Not Applicable,2024-11-05T17:28:18.851000Z,2024-11-05T17:33:21.563000Z,2024-11-05T18:57:38.955000Z,2024-11-05T17:36:49.862590Z,303.0,CV0XRWGP,630,"Facebook, Youtube, Twitter, Linkedin, Reddit, Instagram",Democrat,37,Male,Asian,United States,United States,United States,English,No,Full-Time
672a5620c51077e1ded4fbb8,66435d67125fd343899c4647,APPROVED,Not Applicable,2024-11-05T17:31:03.524000Z,2024-11-05T17:36:44.666000Z,2024-11-05T18:57:39.184000Z,2024-11-05T17:37:29.590584Z,342.0,CV0XRWGP,1226,"Youtube, Reddit, Pinterest",Democrat,38,Female,White,United States,United States,United States,English,No,Full-Time
672a56724588db16612eb13c,60822c29ba64d380f7bd9fd8,APPROVED,Not Applicable,2024-11-05T17:31:35.600000Z,2024-11-05T17:36:45.892000Z,2024-11-05T18:57:39.473000Z,2024-11-05T17:37:29.726272Z,311.0,CV0XRWGP,1425,"Facebook, Youtube, Twitter, Tumblr, Instagram, Reddit",Democrat,27,Male,White,United States,United States,United States,English,Yes,Full-Time
672a56796aef0493081e8f4e,58d876b14240e50001190090,APPROVED,Not Applicable,2024-11-05T17:35:00.666000Z,2024-11-05T17:38:46.643000Z,2024-11-05T18:57:39.710000Z,2024-11-05T17:38:47.745249Z,226.0,CV0XRWGP,6383,"Youtube, Twitter, Pinterest, Reddit, Instagram, Snapchat",Democrat,53,Male,White,United States,United States,United States,English,No,Full-Time
672a569912d807d0c67dcd4c,671d7a754bafa85dac6e0683,APPROVED,Not Applicable,2024-11-05T17:34:57.384000Z,2024-11-05T17:39:44.067000Z,2024-11-05T18:57:39.935000Z,2024-11-05T17:39:44.589444Z,287.0,CV0XRWGP,88,"Facebook, Youtube, TikTok",Democrat,21,Female,White,United States,United States,United States,English,No,Part-Time
672a56d28e14b70c5defc359,66dbd5f3eec0242b9d2ce9f2,APPROVED,Not Applicable,2024-11-05T17:33:18.598000Z,2024-11-05T17:43:01.893000Z,2024-11-05T18:57:40.163000Z,2024-11-05T17:43:09.902345Z,584.0,CV0XRWGP,375,"Facebook, Youtube, Instagram, Reddit",Democrat,52,Female,White,United States,United States,United States,English,No,Full-Time
672a56d350d208250cc727f4,65cbf8c525b3403076c1dfb2,APPROVED,Not Applicable,2024-11-05T17:33:13.456000Z,2024-11-05T17:38:31.336000Z,2024-11-05T18:57:40.517000Z,2024-11-05T17:38:33.372064Z,318.0,CV0XRWGP,953,"Instagram, Reddit, Youtube",Democrat,37,Female,Black,United States,United States,United States,English,No,"Not in paid work (e.g. homemaker', 'retired or disabled)"
672a56e2716b84066d3a41db,669005ce051b2afd282b39df,APPROVED,Not Applicable,2024-11-05T17:33:33.216000Z,2024-11-05T17:38:01.313000Z,2024-11-05T18:57:40.763000Z,2024-11-05T17:38:12.141492Z,269.0,CV0XRWGP,134,"Facebook, Youtube, Twitter, Tumblr, Instagram, TikTok",Democrat,31,Female,White,United States,United States,United States,English,No,Full-Time
672a5733b184575c8b57b861,6595be83dbc6d36b1ef53d28,APPROVED,Not Applicable,2024-11-05T17:34:43.111000Z,2024-11-05T17:40:48.421000Z,2024-11-05T18:57:41.007000Z,2024-11-05T17:40:49.323384Z,366.0,CV0XRWGP,1454,"Facebook, Youtube, Twitter, Instagram, Reddit, Snapchat, TikTok",Democrat,44,Male,White,United States,United States,United States,English,No,Unemployed (and job seeking)
672a5777164ffcd3f0f0c0f7,66c3446df74696735081cd12,APPROVED,Not Applicable,2024-11-05T17:36:16.136000Z,2024-11-05T17:47:45.501000Z,2024-11-05T18:57:41.267000Z,2024-11-05T17:48:36.121071Z,690.0,CV0XRWGP,442,"Youtube, Pinterest, Tumblr, Reddit",Democrat,35,Female,Mixed,United States,United States,United States,English,No,"Not in paid work (e.g. homemaker', 'retired or disabled)"
672a57ac195baad9186f43c7,604bd44cb5668ba12cc9376e,APPROVED,Not Applicable,2024-11-05T17:36:44.874000Z,2024-11-05T17:45:24.134000Z,2024-11-05T18:57:41.534000Z,2024-11-05T17:47:41.525103Z,520.0,CV0XRWGP,5464,"Facebook, Youtube, Pinterest, Reddit",Democrat,75,Female,White,United States,United States,United States,English,No,Full-Time
672a57b48419b346433a4221,5c6f2e7632cb70000169b490,APPROVED,Not Applicable,2024-11-05T17:36:57.344000Z,2024-11-05T17:41:38.992000Z,2024-11-05T18:57:41.758000Z,2024-11-05T17:41:39.663952Z,282.0,CV0XRWGP,6389,"Youtube, Twitter, Reddit, Facebook, Pinterest",Democrat,48,Female,Black,United States,United States,United States,English,No,Full-Time
672a58011b92355ff786baf8,605220735560745cf0a16a80,APPROVED,Not Applicable,2024-11-05T17:38:14.798000Z,2024-11-05T17:56:54.711000Z,2024-11-05T18:57:41.978000Z,2024-11-05T17:58:49.609376Z,1120.0,CV0XRWGP,6574,"Facebook, Twitter",Democrat,45,Female,Mixed,United States,United States,United States,English,Yes,Full-Time
672a581a03d6bb6c8d88ff8a,65c10f720f94a8697e141aa1,APPROVED,Not Applicable,2024-11-05T17:38:41.329000Z,2024-11-05T17:46:56.587000Z,2024-11-05T18:57:42.192000Z,2024-11-05T17:48:20.766845Z,496.0,CV0XRWGP,1196,"Facebook, Twitter, Youtube, Pinterest, Instagram, Reddit, TikTok",Democrat,33,Female,Black,United States,United States,United States,English,No,Full-Time
672a582bd42083e13e4403fb,671176d0ec7b61ae6896ea0a,APPROVED,Not Applicable,2024-11-05T17:39:11.234000Z,2024-11-05T17:46:14.675000Z,2024-11-05T18:57:42.519000Z,2024-11-05T17:48:00.328751Z,424.0,CV0XRWGP,134,"Facebook, Youtube, Pinterest, Instagram, Reddit",Democrat,36,Female,White,United States,United States,United States,English,No,"Not in paid work (e.g. homemaker', 'retired or disabled)"
672a58422acf7a77b9d802c1,610863156133d1485b80d389,APPROVED,Not Applicable,2024-11-05T17:39:24.143000Z,2024-11-05T17:46:13.729000Z,2024-11-05T18:57:42.778000Z,2024-11-05T17:47:59.995265Z,410.0,CV0XRWGP,589,"Facebook, Youtube, Twitter, Linkedin, Pinterest, Instagram, Reddit, Flickr, Snapchat, TikTok",Democrat,28,Female,White,United States,United States,United States,English,No,Full-Time
672a586004e3b06651c83369,671fa6442e7c5e8e44e90b69,APPROVED,Not Applicable,2024-11-05T17:39:44.210000Z,2024-11-05T17:47:23.722000Z,2024-11-05T18:57:43.037000Z,2024-11-05T17:48:28.493907Z,460.0,CV0XRWGP,31,"Youtube, Twitter, Instagram, Snapchat, TikTok",Democrat,40,Female,DATA_EXPIRED,Ghana,United States,United States,English,No,Part-Time
672a58a0eb85126b49f224ab,5e9389d87d6dc1078fe0ebee,APPROVED,Not Applicable,2024-11-05T17:40:48.429000Z,2024-11-05T17:49:48.285000Z,2024-11-05T18:57:43.290000Z,2024-11-05T17:51:16.353310Z,540.0,CV0XRWGP,3186,"Youtube, Twitter, Pinterest, Instagram",Democrat,26,Female,Black,United States,United States,United States,English,No,Full-Time
672a58da3ef93ff10184185d,63dc7c4191d5e30193f1db36,APPROVED,Not Applicable,2024-11-05T17:41:51.389000Z,2024-11-05T17:51:49.826000Z,2024-11-05T18:57:43.511000Z,2024-11-05T17:52:10.417122Z,599.0,CV0XRWGP,2412,"Facebook, Youtube, Linkedin, Twitter, Pinterest, Instagram, Reddit, TikTok",Democrat,37,Female,White,United States,United States,United States,English,No,Full-Time
672a59299570119e21bbbd78,66cb78cfb80b0b64d242b0b2,APPROVED,Not Applicable,2024-11-05T17:43:12.955000Z,2024-11-05T17:49:27.224000Z,2024-11-05T18:57:43.732000Z,2024-11-05T17:51:08.081142Z,375.0,CV0XRWGP,98,"Facebook, Youtube, Instagram, Reddit",Democrat,43,Female,White,United States,United States,United States,English,No,Full-Time
672a59b834480c73bfa77eec,63e55bb2f8e6aec6a4031bd8,APPROVED,Not Applicable,2024-11-05T17:45:35.758000Z,2024-11-05T17:52:31.584000Z,2024-11-05T18:57:44.368000Z,2024-11-05T17:52:39.915697Z,416.0,CV0XRWGP,3062,"Facebook, Twitter, Reddit, Instagram, TikTok, Snapchat, Youtube",Democrat,41,Male,White,United States,United States,United States,English,No,Full-Time
672a59e67f9d24f23507aa9c,5e4ab91021c015000c3b74ed,APPROVED,Not Applicable,2024-11-05T17:46:50.036000Z,2024-11-05T17:54:13.625000Z,2024-11-05T18:57:44.589000Z,2024-11-05T17:54:14.260015Z,444.0,CV0XRWGP,1292,"Pinterest, Flickr, Reddit, Instagram",Democrat,45,Female,White,United States,United States,United States,English,No,Part-Time
672a59ea7cd2ef7f584a878a,66297e62ceb2ea7775b310c2,APPROVED,Not Applicable,2024-11-05T17:46:25.366000Z,2024-11-05T17:52:14.389000Z,2024-11-05T18:57:44.837000Z,2024-11-05T17:52:36.807026Z,350.0,CV0XRWGP,542,"Facebook, Youtube, Twitter, Instagram, Reddit",Democrat,39,Female,White,United States,United States,United States,English,No,Full-Time
672a5a10fb112f67cdeb421e,6077cb38de8f5c783d413450,APPROVED,Not Applicable,2024-11-05T17:46:56.623000Z,2024-11-05T17:52:10.525000Z,2024-11-05T18:57:45.115000Z,2024-11-05T17:52:14.172632Z,314.0,CV0XRWGP,7858,"Youtube, Twitter, Instagram, Reddit",Democrat,51,Male,White,United States,United States,United States,English,No,Full-Time
672a6ac904e3b06651c837d3,66439d24bf5f2505d7929c12,APPROVED,Not Applicable,2024-11-05T18:58:27.775000Z,2024-11-05T19:03:54.079000Z,2024-11-05T20:07:59.255000Z,2024-11-05T19:03:54.736928Z,327.0,CV0XRWGP,533,"Twitter, Facebook",Democrat,31,Female,White,United States,United States,United States,English,No,Part-Time
672a6acc317b1b6949fa0993,662943e28130e7eb5f034326,APPROVED,Not Applicable,2024-11-05T18:58:26.519000Z,2024-11-05T19:04:18.404000Z,2024-11-05T20:07:59.827000Z,2024-11-05T19:04:22.611883Z,352.0,CV0XRWGP,380,"Twitter, Youtube, Facebook, Pinterest, TikTok, Instagram",Democrat,53,Female,White,United States,United States,United States,English,DATA_EXPIRED,DATA_EXPIRED
672a6ad3e05d53409977a30c,671bc3ebfbc803159db8670a,APPROVED,Not Applicable,2024-11-05T18:58:37.937000Z,2024-11-05T19:13:08.224000Z,2024-11-05T20:08:00.162000Z,2024-11-05T19:14:18.353863Z,871.0,CV0XRWGP,56,"Twitter, Youtube, Facebook, Linkedin, Pinterest, Google Plus, Tumblr, Reddit, Instagram, Snapchat, TikTok, Medium",Democrat,24,Female,Mixed,Ghana,United States,United States,English,DATA_EXPIRED,DATA_EXPIRED
672a6ad42eca199e7c7f9448,66df255fc0e34d721c9b5f1e,APPROVED,Not Applicable,2024-11-05T18:58:33.296000Z,2024-11-05T19:04:43.326000Z,2024-11-05T20:08:00.499000Z,2024-11-05T19:04:44.355905Z,371.0,CV0XRWGP,415,"Facebook, Youtube, Twitter, Linkedin, Pinterest, Google Plus, Tumblr, Instagram, Reddit, Flickr, Snapchat, TikTok",Democrat,49,Male,White,United States,United States,United States,English,No,DATA_EXPIRED
672a6ad66c83573c5d1af8a9,671865ac3a94e9d478286704,APPROVED,Not Applicable,2024-11-05T18:58:37.183000Z,2024-11-05T19:03:04.748000Z,2024-11-05T20:08:00.851000Z,2024-11-05T19:03:28.343918Z,268.0,CV0XRWGP,95,"Facebook, Youtube, Twitter, Linkedin, Pinterest, Instagram, Reddit, Snapchat, TikTok",Democrat,31,Female,White,United States,United States,United States,English,No,Full-Time
672a6ad7a78b73f26acac1b4,5d7ff85ffec5620017b07c40,APPROVED,Not Applicable,2024-11-05T18:58:31.092000Z,2024-11-05T19:05:09.624000Z,2024-11-05T20:08:01.183000Z,2024-11-05T19:05:10.341182Z,399.0,CV0XRWGP,8191,"Facebook, Reddit, Pinterest, Twitter, Youtube",Democrat,47,Female,Mixed,United States,United States,United States,English,No,Full-Time
672a6ad7f89729858b3a67d9,5c57d3d354f9d30001dbc19b,APPROVED,Not Applicable,2024-11-05T18:58:41.370000Z,2024-11-05T19:05:27.824000Z,2024-11-05T20:08:01.510000Z,2024-11-05T20:05:59.539287Z,407.0,CV0XRWGP,2470,"Youtube, Twitter, Reddit",Democrat,48,Female,White,United States,United States,United States,English,No,Full-Time
672a6ad86c72bdf743da8644,66428090de7c2db3caed1c77,APPROVED,Not Applicable,2024-11-05T18:58:36.674000Z,2024-11-05T19:04:20.784000Z,2024-11-05T20:08:01.929000Z,2024-11-05T19:04:21.389889Z,345.0,CV0XRWGP,664,"Youtube, Tumblr, Instagram, Reddit, TikTok",Democrat,52,Female,White,United States,United States,United States,English,No,Full-Time
672a6ad9cbae3bc60ea45ed3,670e8c1b152066063b12e080,APPROVED,Not Applicable,2024-11-05T18:58:40.018000Z,2024-11-05T19:04:03.936000Z,2024-11-05T20:08:02.252000Z,2024-11-05T19:04:04.844272Z,324.0,CV0XRWGP,88,"Youtube, Instagram",Democrat,21,Male,White,United States,United States,United States,English,Yes,Other
672a6ada5f22ff66ddb98578,66b3e1a7d4c519830e80bba1,RETURNED,Not Applicable,2024-11-05T18:58:44.252000Z,,,2024-11-05T20:08:24.600455Z,,,645,CONSENT_REVOKED,CONSENT_REVOKED,CONSENT_REVOKED,CONSENT_REVOKED,CONSENT_REVOKED,CONSENT_REVOKED,CONSENT_REVOKED,CONSENT_REVOKED,CONSENT_REVOKED,CONSENT_REVOKED,CONSENT_REVOKED
672a6bee0cc4b5a5b691a099,662939c49821886e0246c494,APPROVED,Not Applicable,2024-11-05T19:04:22.584000Z,2024-11-05T19:08:35.576000Z,2024-11-05T20:08:02.592000Z,2024-11-05T19:08:36.360040Z,253.0,CV0XRWGP,916,"Facebook, Youtube, Twitter, Instagram, Reddit, Snapchat, TikTok",Democrat,44,Female,White,United States,United States,United States,English,No,Full-Time
672a6c1aae3aa7e769812046,668a08bcc623b9b9500b85c8,APPROVED,Not Applicable,2024-11-05T19:04:02.882000Z,2024-11-05T19:31:48.475000Z,2024-11-05T20:08:05.996000Z,2024-11-05T19:31:49.175074Z,1666.0,CV0XRWGP,498,"Facebook, Youtube, Twitter, Linkedin, Pinterest, Google Plus, Reddit, Instagram, Tumblr, Snapchat, TikTok",Democrat,22,Female,Black,United States,United States,United States,English,No,Full-Time
672a6c234d8bfa5c32248b9a,65a29cdffc75f965e7fbcdc7,APPROVED,Not Applicable,2024-11-05T19:04:16.873000Z,2024-11-05T19:09:17.831000Z,2024-11-05T20:08:06.409000Z,2024-11-05T19:09:37.397518Z,301.0,CV0XRWGP,918,"Youtube, Reddit, TikTok",Democrat,49,Male,White,United States,United States,United States,English,Yes,Unemployed (and job seeking)
672a6c33f2e61a9e61147848,653703627539f3a8b2ed4af3,APPROVED,Not Applicable,2024-11-05T19:04:27.347000Z,2024-11-05T19:08:46.418000Z,2024-11-05T20:08:06.757000Z,2024-11-05T19:08:47.355799Z,260.0,CV0XRWGP,890,"Youtube, Twitter, Instagram, Reddit",Democrat,44,Male,White,United States,United States,United States,English,No,Full-Time
672a6c3900f74f2d621e999f,58a53fd327c3bb00014e74e2,APPROVED,Not Applicable,2024-11-05T19:04:31.809000Z,2024-11-05T19:10:41.108000Z,2024-11-05T20:08:07.119000Z,2024-11-05T19:13:34.983312Z,370.0,CV0XRWGP,1885,"Youtube, Facebook, Pinterest, Instagram, Reddit",Democrat,53,Female,White,United States,United States,United States,English,No,Full-Time
672a6c52173ab89d94e5c815,66461dfd1eb6453139b1db4c,APPROVED,Not Applicable,2024-11-05T19:04:57.152000Z,2024-11-05T19:13:11.950000Z,2024-11-05T20:08:07.427000Z,2024-11-05T20:02:15.005591Z,495.0,CV0XRWGP,958,"Facebook, Youtube, Pinterest, Instagram, Reddit, Snapchat, TikTok",Democrat,36,Female,White,United States,United States,United States,English,No,Full-Time
672a6c68d6e81e878786c06f,664639e0828075ab2e79fef2,APPROVED,Not Applicable,2024-11-05T19:07:24.751000Z,2024-11-05T19:10:46.421000Z,2024-11-05T20:08:07.849000Z,2024-11-05T19:13:35.756710Z,202.0,CV0XRWGP,713,"Facebook, Twitter, Youtube, Linkedin, Pinterest, Instagram, Reddit",Democrat,33,Male,White,United States,United States,United States,English,No,Full-Time
672a6c7752e38dd8ef63aa66,6643b332fa89cf4c6dc4a939,APPROVED,Not Applicable,2024-11-05T19:07:25.611000Z,2024-11-05T19:14:19.076000Z,2024-11-05T20:08:08.176000Z,2024-11-05T19:14:44.849530Z,414.0,CV0XRWGP,702,"Youtube, Reddit, Snapchat, TikTok",Democrat,34,Male,White,United States,United States,United States,English,No,Full-Time
672a6d3c96ccf156bc0bc29d,663170bb631c1b3b21b7828b,APPROVED,Not Applicable,2024-11-05T19:08:50.943000Z,2024-11-05T19:15:49.793000Z,2024-11-05T20:08:08.612000Z,2024-11-05T19:15:52.203982Z,419.0,CV0XRWGP,123,"Youtube, Twitter, Tumblr, Instagram, TikTok, Facebook",Democrat,39,Female,Other,United States,United States,United States,English,No,Unemployed (and job seeking)
672a6d3f2fb8e62c076a7a37,5ddce9f0f85b50c4fc1515a4,APPROVED,Not Applicable,2024-11-05T19:09:04.199000Z,2024-11-05T19:14:42.990000Z,2024-11-05T20:08:08.961000Z,2024-11-05T19:15:30.196889Z,339.0,CV0XRWGP,172,"Youtube, Facebook, Instagram, Reddit, Twitter",Democrat,34,Male,White,United States,United States,United States,English,No,Unemployed (and job seeking)
672a6d5d785855a845123c39,665e680164927b18554b66ec,APPROVED,Not Applicable,2024-11-05T19:09:43.524000Z,2024-11-05T19:18:41.444000Z,2024-11-05T20:08:09.313000Z,2024-11-05T19:18:42.051529Z,538.0,CV0XRWGP,578,"Facebook, Youtube, Twitter, Pinterest, Instagram, Reddit",Democrat,53,Male,White,United States,United States,United States,English,No,Full-Time
672a6d74449af08948857a4e,5df0be5ec1e3e5103f61f397,APPROVED,Not Applicable,2024-11-05T19:09:49.573000Z,2024-11-05T19:16:14.523000Z,2024-11-05T20:08:09.634000Z,2024-11-05T19:16:19.215805Z,385.0,CV0XRWGP,341,"Youtube, Facebook, Twitter, Google Plus, Pinterest, Linkedin, Tumblr, Instagram, Reddit, Snapchat, TikTok",Democrat,23,Female,Other,United States,United States,United States,English,No,Part-Time
672a6db1870764337784196b,6090578fb2299eacaec32b7a,APPROVED,Not Applicable,2024-11-05T19:10:47.450000Z,2024-11-05T19:14:12.162000Z,2024-11-05T20:08:09.938000Z,2024-11-05T19:14:42.021414Z,205.0,CV0XRWGP,5303,"Youtube, Twitter, Tumblr, Instagram, Reddit",Democrat,30,Female,Asian,United States,United States,United States,English,No,Unemployed (and job seeking)
672a6db6bf3f89033d635e27,5df2be706e8aab1d1eb46feb,APPROVED,Not Applicable,2024-11-05T19:10:46.430000Z,2024-11-05T19:14:16.780000Z,2024-11-05T20:08:10.239000Z,2024-11-05T19:14:43.484981Z,211.0,CV0XRWGP,4127,"Twitter, Facebook, Youtube, Instagram, Reddit, Linkedin",Democrat,34,Male,Mixed,United States,United States,United States,English,No,Full-Time
672a6e484bb7cd4e9e3cf37b,6630fcae418bde6a9e7c3b47,APPROVED,Not Applicable,2024-11-05T19:13:27.140000Z,2024-11-05T19:22:11.347000Z,2024-11-05T20:08:10.553000Z,2024-11-05T19:23:40.872184Z,525.0,CV0XRWGP,1098,"Youtube, Reddit",Democrat,41,Male,Mixed,United States,United States,United States,Spanish,No,Full-Time
672a6e493b7c819b4a88f192,592a6246e1b21500015924ec,APPROVED,Not Applicable,2024-11-05T19:13:21.603000Z,2024-11-05T19:17:55.413000Z,2024-11-05T20:08:10.895000Z,2024-11-05T19:17:59.065049Z,274.0,CV0XRWGP,1204,"Facebook, Youtube, Twitter, Linkedin, Reddit, Instagram, Snapchat",Democrat,26,Male,White,United States,United States,United States,English,No,DATA_EXPIRED
672a6e8807743fe0390bc15b,668180f26a3b162091510589,RETURNED,Not Applicable,2024-11-05T19:24:16.171000Z,,,2024-11-05T20:08:24.604842Z,,,353,CONSENT_REVOKED,CONSENT_REVOKED,CONSENT_REVOKED,CONSENT_REVOKED,CONSENT_REVOKED,CONSENT_REVOKED,CONSENT_REVOKED,CONSENT_REVOKED,CONSENT_REVOKED,CONSENT_REVOKED,CONSENT_REVOKED
672a6e890456974eac25f92f,66de29b7d4d6dd25c97445d1,APPROVED,Not Applicable,2024-11-05T19:14:25.114000Z,2024-11-05T19:21:28.401000Z,2024-11-05T20:08:11.201000Z,2024-11-05T19:21:50.713459Z,424.0,CV0XRWGP,367,"Facebook, Linkedin, Youtube, Instagram",Democrat,57,Female,White,Canada,United States,United States,Greek,No,Unemployed (and job seeking)
672a6e8b4bb7cd4e9e3cf38b,5f04bd7038cbb210b85195fd,APPROVED,Not Applicable,2024-11-05T19:14:24.753000Z,2024-11-05T19:18:52.708000Z,2024-11-05T20:08:11.543000Z,2024-11-05T19:18:53.300194Z,268.0,CV0XRWGP,1297,"Facebook, Youtube, Twitter, Linkedin, Instagram, Reddit",Democrat,40,Female,White,United States,United States,United States,English,No,Unemployed (and job seeking)
672a6ea4e7e8b952873ef841,5df936ce361a856c07fb1e9e,APPROVED,Not Applicable,2024-11-05T19:14:49.503000Z,2024-11-05T19:19:58.020000Z,2024-11-05T20:08:11.839000Z,2024-11-05T19:19:58.568579Z,309.0,CV0XRWGP,2127,"Linkedin, Reddit, Facebook, Instagram, Pinterest, Youtube",Democrat,37,Female,White,United States,United States,United States,English,No,Full-Time
672a6eec2df823fee2c2ea83,63268ad93b6ecc1acf782a21,APPROVED,Not Applicable,2024-11-05T19:16:05.047000Z,2024-11-05T19:19:49.550000Z,2024-11-05T20:08:12.138000Z,2024-11-05T19:19:50.662426Z,225.0,CV0XRWGP,1916,"Facebook, Youtube, Twitter, Linkedin, Instagram, Reddit, Snapchat",Democrat,30,Male,White,United States,United States,United States,English,No,Full-Time
672a6effcc621db74f3078a1,666c912d6fa83d9dad4c696a,APPROVED,Not Applicable,2024-11-05T19:20:31.397000Z,2024-11-05T19:34:10.343000Z,2024-11-05T20:08:12.461000Z,2024-11-05T19:37:15.204369Z,819.0,CV0XRWGP,589,"Facebook, Youtube, Linkedin, Instagram",Democrat,47,Male,White,United States,United States,United States,English,No,Full-Time
672a6f1223ba0f6a4be5817e,671abe1dccaf30c200eca904,RETURNED,Not Applicable,2024-11-05T19:16:34.143000Z,,,2024-11-05T20:08:24.605083Z,,,83,CONSENT_REVOKED,CONSENT_REVOKED,CONSENT_REVOKED,CONSENT_REVOKED,CONSENT_REVOKED,CONSENT_REVOKED,CONSENT_REVOKED,CONSENT_REVOKED,CONSENT_REVOKED,CONSENT_REVOKED,CONSENT_REVOKED
672a6f69bc11cee19f0aa7ac,653f2424042d03012eb92ef5,APPROVED,Not Applicable,2024-11-05T19:18:28.278000Z,2024-11-05T19:31:47.502000Z,2024-11-05T20:08:12.782000Z,2024-11-05T19:31:48.638370Z,800.0,CV0XRWGP,2245,"Facebook, Youtube, Twitter, Pinterest, Instagram, Reddit, Snapchat, TikTok, Linkedin",Democrat,67,Female,White,United States,United States,United States,English,No,Full-Time
672a6f6b4f1d6515ecf4cd56,66f2b62e0ed36bbf5a254874,APPROVED,Not Applicable,2024-11-05T19:18:12.055000Z,2024-11-05T19:24:59.684000Z,2024-11-05T20:08:13.092000Z,2024-11-05T19:26:27.389089Z,408.0,CV0XRWGP,266,"Facebook, Youtube, Twitter, Linkedin, Instagram, Reddit, TikTok",Democrat,45,Female,White,United States,United States,United States,English,No,Part-Time
672a6f91340d6551832ff286,66d804534578af1dec99f245,APPROVED,Not Applicable,2024-11-05T19:18:52.684000Z,2024-11-05T19:28:07.146000Z,2024-11-05T20:08:13.451000Z,2024-11-05T19:28:29.572938Z,555.0,CV0XRWGP,436,"Facebook, Youtube, Reddit, Snapchat",Democrat,53,Female,White,United States,United States,United States,English,No,Other
672a6f9e7b68d91cafd2e300,67214a183205028a0e314764,APPROVED,Not Applicable,2024-11-05T19:19:10.586000Z,2024-11-05T19:25:28.955000Z,2024-11-05T20:08:13.772000Z,2024-11-05T19:26:31.418094Z,379.0,CV0XRWGP,46,"Twitter, Instagram",Democrat,33,Male,Asian,United States,United States,United States,English,No,"Not in paid work (e.g. homemaker', 'retired or disabled)"
672a6fd5bb560b06f575b3a1,60cf382898b50ef89e5efab3,APPROVED,Not Applicable,2024-11-05T19:19:53.325000Z,2024-11-05T19:24:32.882000Z,2024-11-05T20:08:14.103000Z,2024-11-05T19:26:23.123846Z,280.0,CV0XRWGP,4780,"Facebook, Youtube, Instagram, Reddit",Democrat,36,Male,White,United States,United States,United States,English,No,DATA_EXPIRED
672a6fe79de0bf09bacabfaa,65d563ecf8df20ade2f17888,APPROVED,Not Applicable,2024-11-05T19:20:46.754000Z,2024-11-05T19:28:44.382000Z,2024-11-05T20:08:14.458000Z,2024-11-05T19:28:45.701389Z,478.0,CV0XRWGP,1277,"Facebook, Youtube, Twitter, Instagram, Reddit, Snapchat, TikTok",Democrat,26,Female,Asian,Philippines,United States,United States,English,No,Unemployed (and job seeking)
672a7e77b621082286d8589b,6111a3c2baa949663a203b03,APPROVED,Not Applicable,2024-11-05T20:22:23.164000Z,2024-11-05T20:28:23.999000Z,2024-11-05T20:45:58.847000Z,2024-11-05T20:28:24.570990Z,361.0,CV0XRWGP,830,"Facebook, Youtube, Twitter, Instagram, TikTok, Snapchat",Democrat,24,Female,Other,United States,United States,United States,English,No,Full-Time
672a7e7f8707643377841d2d,667d08e12ac1bcbdd829a936,APPROVED,Not Applicable,2024-11-05T20:22:28.248000Z,2024-11-05T20:25:40.368000Z,2024-11-05T20:45:59.161000Z,2024-11-05T20:26:59.537463Z,193.0,CV0XRWGP,699,"Youtube, Instagram",Democrat,20,Female,Asian,United States,United States,United States,English,Yes,Part-Time
672a7e81fad4c14b4cbb0c1a,5f326f3697c53601f394368a,APPROVED,Not Applicable,2024-11-05T20:22:31.309000Z,2024-11-05T20:27:50.513000Z,2024-11-05T20:45:59.365000Z,2024-11-05T20:27:51.165917Z,320.0,CV0XRWGP,3865,"Youtube, Facebook, Twitter, Pinterest, Tumblr, Reddit, Instagram",Democrat,31,Female,Black,United States,United States,United States,English,No,Full-Time
672a7e82ec41ee1996248b7b,5dd61f689740545c506ee244,APPROVED,Not Applicable,2024-11-05T20:22:36.837000Z,2024-11-05T20:28:00.513000Z,2024-11-05T20:45:59.568000Z,2024-11-05T20:28:06.471850Z,324.0,CV0XRWGP,3244,"Reddit, Twitter, Youtube",Democrat,43,Female,White,United States,United States,United States,English,Yes,Full-Time
672a7e87eb74189d5cf0c9b9,6646b32a6ff16adfd7903b96,APPROVED,Not Applicable,2024-11-05T20:22:36.971000Z,2024-11-05T20:26:15.217000Z,2024-11-05T20:45:59.828000Z,2024-11-05T20:27:05.074890Z,219.0,CV0XRWGP,163,"Facebook, Youtube, Twitter, Tumblr, Instagram, Reddit, Snapchat, TikTok",Democrat,37,Male,White,United States,United States,United States,English,No,Unemployed (and job seeking)
672a7e881fd0179c5d337b5c,6564a38fd32c131677616039,APPROVED,Not Applicable,2024-11-05T20:22:38.391000Z,2024-11-05T20:28:25.868000Z,2024-11-05T20:46:00.595000Z,2024-11-05T20:28:26.521846Z,348.0,CV0XRWGP,411,"Facebook, Youtube, Instagram, Google Plus, TikTok",Democrat,42,Female,White,United States,United States,United States,English,Yes,Part-Time
672a7e8922ca96c3183a6069,65c23bf7904812607642bad6,APPROVED,Not Applicable,2024-11-05T20:22:45.831000Z,2024-11-05T20:28:58.121000Z,2024-11-05T20:46:00.892000Z,2024-11-05T20:28:58.830610Z,373.0,CV0XRWGP,845,"Facebook, Youtube, Linkedin, Reddit, Snapchat, TikTok",Democrat,43,Female,White,United States,United States,United States,English,No,Full-Time
672a7e89901cf8c981eb525c,56b61b915cd743000e6e01c5,APPROVED,Not Applicable,2024-11-05T20:22:40.916000Z,2024-11-05T20:27:32.349000Z,2024-11-05T20:46:01.118000Z,2024-11-05T20:27:33.045434Z,292.0,CV0XRWGP,4133,"Facebook, Twitter, Youtube, Linkedin, Instagram, Reddit, TikTok",Democrat,42,Male,White,United States,United States,United States,English,No,Full-Time
672a7e8a649d2d10c26a3456,5d0a8a22c0fd80001626e38d,APPROVED,Not Applicable,2024-11-05T20:22:34.782000Z,2024-11-05T20:28:21.537000Z,2024-11-05T20:46:01.336000Z,2024-11-05T20:28:23.416191Z,347.0,CV0XRWGP,1304,"Facebook, Youtube, Twitter, Linkedin, Pinterest, Tumblr, Instagram, Reddit, Meetup, Snapchat, TikTok",Democrat,33,Male,White,United States,United States,United States,English,No,Full-Time
672a7e8be77fda921dcc8d75,5add6b6aeb60400001536f2c,APPROVED,Not Applicable,2024-11-05T20:22:42.235000Z,2024-11-05T20:31:32.067000Z,2024-11-05T20:46:01.555000Z,2024-11-05T20:31:51.085816Z,530.0,CV0XRWGP,6933,"Pinterest, Youtube",Democrat,71,Female,Black,United States,United States,United States,English,No,"Not in paid work (e.g. homemaker', 'retired or disabled)"
672a7f463c9f10848b26aa60,65654bb65a81489784483bf0,APPROVED,Not Applicable,2024-11-05T20:27:16.257000Z,2024-11-05T20:41:12.534000Z,2024-11-05T20:46:01.768000Z,2024-11-05T20:41:13.162141Z,837.0,CV0XRWGP,569,"Facebook, Youtube, Twitter, Instagram, Reddit, TikTok",Democrat,32,Female,Black,United States,United States,United States,English,No,Full-Time
672a7f6c9af29a6a962e8818,6365b9324ce52c4f38eed7a0,APPROVED,Not Applicable,2024-11-05T20:26:30.501000Z,2024-11-05T20:31:28.761000Z,2024-11-05T20:46:01.981000Z,2024-11-05T20:31:29.515314Z,299.0,CV0XRWGP,2157,"Facebook, Youtube, Twitter, Pinterest, Tumblr, Instagram, Reddit, TikTok, Snapchat",Democrat,20,Female,Other,United States,United States,United States,Spanish,Yes,"Not in paid work (e.g. homemaker', 'retired or disabled)"
672a7fbb3bb3361e017df649,599f93998d2b1600011b3e01,APPROVED,Not Applicable,2024-11-05T20:27:45.328000Z,2024-11-05T20:32:23.459000Z,2024-11-05T20:46:02.195000Z,2024-11-05T20:32:24.237130Z,279.0,CV0XRWGP,1782,"Twitter, Instagram",Democrat,35,Male,White,United States,United States,United States,English,No,Full-Time
672a7fc9a734caa9e3709d6f,662a5678bf563d7e275345ba,APPROVED,Not Applicable,2024-11-05T20:27:58.495000Z,2024-11-05T20:32:35.059000Z,2024-11-05T20:46:02.443000Z,2024-11-05T20:32:35.876738Z,277.0,CV0XRWGP,396,"Facebook, Instagram",Democrat,51,Female,White,United States,United States,United States,English,No,"Not in paid work (e.g. homemaker', 'retired or disabled)"
672a7fd10608be81322eb8cf,60c8aa03407799c6046d5b27,RETURNED,Not Applicable,2024-11-05T20:28:15.476000Z,,,2024-11-05T21:46:37.359299Z,,,926,CONSENT_REVOKED,CONSENT_REVOKED,CONSENT_REVOKED,CONSENT_REVOKED,CONSENT_REVOKED,CONSENT_REVOKED,CONSENT_REVOKED,CONSENT_REVOKED,CONSENT_REVOKED,CONSENT_REVOKED,CONSENT_REVOKED
672a7fe5eb74189d5cf0c9fc,65c523100ad7bf41ef536598,APPROVED,Not Applicable,2024-11-05T20:28:29.153000Z,2024-11-05T20:40:30.382000Z,2024-11-05T20:46:02.668000Z,2024-11-05T20:40:31.984218Z,722.0,CV0XRWGP,1272,"Facebook, Youtube, Reddit, Instagram",Democrat,63,Female,White,United States,United States,United States,English,No,Full-Time
672a7fed29423b63e71af88c,671a196875e535e00bb0d473,APPROVED,Not Applicable,2024-11-05T20:34:16.274000Z,2024-11-05T20:58:45.787000Z,2024-11-05T21:07:50.810000Z,2024-11-05T21:00:40.571916Z,1470.0,CV0XRWGP,81,"Twitter, Youtube, Facebook, Instagram, Reddit, TikTok, Snapchat, Pinterest",Democrat,31,Female,Mixed,Ghana,United States,United States,English,DATA_EXPIRED,Full-Time
672a7ff0e38b571bd7d4fa73,65959a63cb30f7348aba06f0,APPROVED,Not Applicable,2024-11-05T20:30:00.770000Z,2024-11-05T20:33:47.175000Z,2024-11-05T20:46:02.907000Z,2024-11-05T20:37:24.020626Z,227.0,CV0XRWGP,2404,"Facebook, Youtube, Linkedin, Pinterest, Instagram, Reddit",Democrat,35,Female,Asian,United States,United States,United States,English,No,Full-Time
672a800b6c71728473fcd1d8,663e7500449ebc055cb545ca,APPROVED,Not Applicable,2024-11-05T20:38:19.280000Z,2024-11-05T20:42:25.641000Z,2024-11-05T20:46:03.163000Z,2024-11-05T20:42:26.206849Z,247.0,CV0XRWGP,895,"Youtube, Twitter, Instagram, Reddit, TikTok",Democrat,32,Male,Other,United States,United States,United States,English,No,Full-Time
672a80a9c433691350eb57b2,663a5c325e89783fc8ff51b0,APPROVED,Not Applicable,2024-11-05T20:31:45.794000Z,2024-11-05T20:35:52.048000Z,2024-11-05T20:46:03.392000Z,2024-11-05T20:38:19.762086Z,247.0,CV0XRWGP,137,"Facebook, Youtube, Linkedin, Pinterest, Instagram",Democrat,21,Female,White,United States,United States,United States,English,DATA_EXPIRED,DATA_EXPIRED
672a80aad20b31a770b4f4d0,66f724392e745ba6f468c1f6,APPROVED,Not Applicable,2024-11-05T20:31:47.812000Z,2024-11-05T20:45:42.293000Z,2024-11-05T20:49:49.452000Z,2024-11-05T20:49:13.480068Z,835.0,CV0XRWGP,164,"Facebook, Youtube, TikTok",Democrat,46,Female,Black,United States,United States,United States,English,No,Full-Time
672a80d7e3ed13709e0a133e,66ba9bacfe44fedd03c6089d,APPROVED,Not Applicable,2024-11-05T20:32:23.495000Z,2024-11-05T20:46:25.455000Z,2024-11-05T20:49:49.692000Z,2024-11-05T20:49:14.145767Z,842.0,CV0XRWGP,101,"Pinterest, Youtube, Twitter, Instagram, Snapchat, TikTok",Democrat,37,Female,Black,United States,United States,United States,English,Yes,Full-Time
672a80e94d96e3036563d373,67185d72a496b39bb780ff8c,APPROVED,Not Applicable,2024-11-05T20:32:47.245000Z,2024-11-05T20:38:51.519000Z,2024-11-05T20:46:03.640000Z,2024-11-05T20:39:09.683254Z,365.0,CV0XRWGP,71,"Youtube, Instagram, Reddit, Snapchat, TikTok",Democrat,30,Female,Mixed,United States,United States,United States,English,No,Unemployed (and job seeking)
672a813a2fb8e62c076a82ec,6657bce0a75684f6d79cbe9f,APPROVED,Not Applicable,2024-11-05T20:34:13.118000Z,2024-11-05T20:40:32.640000Z,2024-11-05T20:46:03.901000Z,2024-11-05T20:40:33.319901Z,380.0,CV0XRWGP,443,"Facebook, Twitter, Pinterest",Democrat,52,Female,White,United States,United States,United States,English,No,Unemployed (and job seeking)
672a81a8ec41ee1996248bf8,6670799368c7ea46c02ebaa8,APPROVED,Not Applicable,2024-11-05T20:36:03.080000Z,2024-11-05T20:46:18.290000Z,2024-11-05T20:49:49.905000Z,2024-11-05T20:49:12.688113Z,616.0,CV0XRWGP,730,"Facebook, Youtube, Twitter, Linkedin, Pinterest, Google Plus",Democrat,44,Female,Black,United States,United States,United States,English,No,Full-Time
672a82614d9339a92cf1677a,66bd0b8a2d07447ae9a52ec3,RETURNED,Not Applicable,2024-11-05T20:49:23.216000Z,,,2024-11-05T21:00:36.998855Z,,,374,CONSENT_REVOKED,CONSENT_REVOKED,CONSENT_REVOKED,CONSENT_REVOKED,CONSENT_REVOKED,CONSENT_REVOKED,CONSENT_REVOKED,CONSENT_REVOKED,CONSENT_REVOKED,CONSENT_REVOKED,CONSENT_REVOKED
672a82c64d9339a92cf16796,6697953e9a3629ebf4a4d3eb,APPROVED,Not Applicable,2024-11-05T20:40:50.991000Z,2024-11-05T21:00:32.935000Z,2024-11-05T21:07:51.214000Z,2024-11-05T21:00:59.643303Z,1182.0,CV0XRWGP,427,"Twitter, Facebook, Snapchat, TikTok",Democrat,22,Female,Black,Ghana,United States,United States,English,No,Part-Time
672a82c6bbf5c36f1477a28e,66f4461fe6cf2a459a3e7180,APPROVED,Not Applicable,2024-11-05T20:40:45.574000Z,2024-11-05T20:45:18.210000Z,2024-11-05T20:49:50.123000Z,2024-11-05T20:48:50.404367Z,273.0,CV0XRWGP,258,"Facebook, Youtube, Instagram",Democrat,33,Female,White,United States,United States,United States,English,No,Full-Time
672a82eed75914e835411686,5c6a36214fbf270001311702,APPROVED,Not Applicable,2024-11-05T20:47:57.121000Z,2024-11-05T20:57:48.069000Z,2024-11-05T20:58:39.771000Z,2024-11-05T20:57:51.004688Z,591.0,CV0XRWGP,2561,"Flickr, Twitter, Reddit, Facebook, Google Plus, Linkedin, Pinterest, Instagram, Youtube, Meetup",Democrat,47,Female,Mixed,United States,United States,United States,English,DATA_EXPIRED,Full-Time
672a8333ddca6843db6a3297,5e0e1b8800a6bf000a694f79,APPROVED,Not Applicable,2024-11-05T20:42:32.419000Z,2024-11-05T20:45:56.491000Z,2024-11-05T20:49:50.362000Z,2024-11-05T20:49:07.630407Z,205.0,CV0XRWGP,5089,"Reddit, Facebook, Youtube, Pinterest",Democrat,31,Female,White,United States,United States,United States,English,No,Full-Time
672a83e76bcbb0c2e01e5438,671aa2883f601298f3de3283,APPROVED,Not Applicable,2024-11-05T20:45:47.853000Z,2024-11-05T20:57:38.789000Z,2024-11-05T20:58:40.089000Z,2024-11-05T20:57:58.181841Z,711.0,CV0XRWGP,70,"Facebook, Youtube, Twitter, Linkedin, Instagram, Reddit, TikTok",Democrat,40,Female,White,United States,United States,United States,English,No,Full-Time
672a83fbabdf3e25a61f34b4,66dc8975318ba0672c543be2,APPROVED,Not Applicable,2024-11-05T20:45:51.190000Z,2024-11-05T20:52:44.249000Z,2024-11-05T20:58:40.374000Z,2024-11-05T20:52:44.937524Z,414.0,CV0XRWGP,281,"Tumblr, Youtube, Twitter, Pinterest, Reddit, TikTok",Democrat,18,Prefer not to say,Other,United States,United States,United States,English,Yes,"Not in paid work (e.g. homemaker', 'retired or disabled)"
672a84050051e480d04405e1,663fd82b73659900df145b1e,TIMED-OUT,Not Applicable,2024-11-05T20:46:07.422000Z,,,2024-11-05T21:00:37.023997Z,870.0,,328,"Facebook, Youtube, Instagram, Reddit",Democrat,45,Female,Black,United States,United States,United States,English,No,Part-Time
672a841a83ff01c26fabb159,670d5f853b167cbdbae52e1f,APPROVED,Not Applicable,2024-11-05T20:46:18.348000Z,2024-11-05T21:20:54.639000Z,2024-11-05T21:40:45.440000Z,2024-11-05T21:21:44.343746Z,2077.0,CV0XRWGP,54,"Facebook, Twitter, Youtube, Linkedin, Reddit",Democrat,30,Male,White,United States,United States,United States,English,DATA_EXPIRED,Full-Time
672a8427be828f2ef5147438,5f5e32a0d6a12c6857b8e127,APPROVED,Not Applicable,2024-11-05T20:46:36.524000Z,2024-11-05T20:52:16.161000Z,2024-11-05T20:58:40.635000Z,2024-11-05T20:52:16.634362Z,340.0,CV0XRWGP,8629,"Youtube, Pinterest, Instagram, Reddit",Democrat,28,Male,White,United States,United States,United States,English,Yes,Full-Time
672a84d8364933054263a6a5,66bf519b34c66d259e5554d1,APPROVED,Not Applicable,2024-11-05T20:49:37.484000Z,2024-11-05T21:19:56.368000Z,2024-11-05T21:40:45.682000Z,2024-11-05T21:21:23.289783Z,1819.0,CV0XRWGP,387,"TikTok, Facebook",Democrat,43,Female,White,United States,United States,United States,English,No,Part-Time
672a8586005700e21da45824,629546e640163d6d469ed3be,APPROVED,Not Applicable,2024-11-05T20:53:30.920000Z,2024-11-05T21:04:35.889000Z,2024-11-05T21:07:51.610000Z,2024-11-05T21:04:36.734644Z,665.0,CV0XRWGP,1018,Facebook,Democrat,36,Female,DATA_EXPIRED,United States,United States,United States,English,DATA_EXPIRED,DATA_EXPIRED
672a85a44c459b59291af95b,5816176700b325000184dba6,APPROVED,Not Applicable,2024-11-05T20:52:57.878000Z,2024-11-05T20:57:59.347000Z,2024-11-05T20:58:40.883000Z,2024-11-05T20:58:02.095238Z,302.0,CV0XRWGP,3110,"Facebook, Youtube, Instagram, Reddit, TikTok",Democrat,31,Male,Mixed,United States,United States,United States,English,No,DATA_EXPIRED
672a86cc5e3d67a9fdbdf77a,65cc02c3504938f6ca52893b,APPROVED,Not Applicable,2024-11-05T20:57:55.877000Z,2024-11-05T21:20:24.693000Z,2024-11-05T21:40:45.911000Z,2024-11-05T21:28:10.419062Z,1349.0,CV0XRWGP,582,"Youtube, Twitter, Linkedin, Reddit, Instagram, Snapchat",Democrat,30,Female,Black,Cote d'Ivoire,United States,United States,English,No,Full-Time
672a86cca9e34174487bf8c2,66ff2eab1f329a7a10280d05,APPROVED,Not Applicable,2024-11-05T20:57:53.802000Z,2024-11-05T21:03:13.616000Z,2024-11-05T21:07:51.942000Z,2024-11-05T21:03:15.945812Z,320.0,CV0XRWGP,160,"Facebook, Youtube, Pinterest, Instagram, Reddit, TikTok, Twitter",Democrat,45,Female,White,United States,United States,United States,English,No,Full-Time
672a86d7926fa72ac0bdefbf,663a8a591f436a85bb4d90c2,RETURNED,Not Applicable,2024-11-05T21:08:00.013000Z,,,2024-11-05T21:46:35.884323Z,,,708,CONSENT_REVOKED,CONSENT_REVOKED,CONSENT_REVOKED,CONSENT_REVOKED,CONSENT_REVOKED,CONSENT_REVOKED,CONSENT_REVOKED,CONSENT_REVOKED,CONSENT_REVOKED,CONSENT_REVOKED,CONSENT_REVOKED
672a8705d354875954d364ce,651c2174ae315a708c92d455,RETURNED,Not Applicable,2024-11-05T20:58:45.827000Z,,,2024-11-05T21:46:35.938135Z,,,928,CONSENT_REVOKED,CONSENT_REVOKED,CONSENT_REVOKED,CONSENT_REVOKED,CONSENT_REVOKED,CONSENT_REVOKED,CONSENT_REVOKED,CONSENT_REVOKED,CONSENT_REVOKED,CONSENT_REVOKED,CONSENT_REVOKED
672a8726e208260422337498,6643bcf4ed868a9901a9dd7d,APPROVED,Not Applicable,2024-11-05T20:59:18.152000Z,2024-11-05T21:02:17.900000Z,2024-11-05T21:07:52.307000Z,2024-11-05T21:02:28.056888Z,180.0,CV0XRWGP,626,"Youtube, Twitter, Tumblr, Reddit",Democrat,26,Male,Mixed,United States,United States,United States,English,No,Unemployed (and job seeking)
672a877747962e96e994571f,614cee325fd219fc68479d6a,APPROVED,Not Applicable,2024-11-05T21:00:45.502000Z,2024-11-05T21:10:26.866000Z,2024-11-05T21:40:46.172000Z,2024-11-05T21:12:34.395675Z,582.0,CV0XRWGP,347,"Twitter, Facebook, Instagram, Snapchat, TikTok, Medium, Reddit, Youtube, Pinterest",Democrat,53,Female,White,Japan,United States,United States,English,No,"Not in paid work (e.g. homemaker', 'retired or disabled)"
672a87e4779b86b78fcc81a2,665787be40f706e2b22ce6c1,APPROVED,Not Applicable,2024-11-05T21:02:34.727000Z,2024-11-05T21:08:29.826000Z,2024-11-05T21:40:46.430000Z,2024-11-05T21:08:31.346968Z,356.0,CV0XRWGP,671,"Facebook, Youtube, Instagram, Reddit, Snapchat, TikTok",Democrat,34,Female,Mixed,United States,United States,United States,English,No,"Not in paid work (e.g. homemaker', 'retired or disabled)"
672a8811be828f2ef5147523,664993e12a5b629050529e17,APPROVED,Not Applicable,2024-11-05T21:03:13.661000Z,2024-11-05T21:11:33.163000Z,2024-11-05T21:40:46.684000Z,2024-11-05T21:12:45.564224Z,500.0,CV0XRWGP,495,Reddit,Democrat,32,Female,White,Russian Federation,United States,United States,Russian,No,Unemployed (and job seeking)
672a886ee6afe4f7fe1c7e19,6648a6c3e5a0dcc0647abd81,APPROVED,Not Applicable,2024-11-05T21:04:53.597000Z,2024-11-05T21:13:55.170000Z,2024-11-05T21:40:46.971000Z,2024-11-05T21:15:45.506831Z,542.0,CV0XRWGP,1184,"Facebook, Youtube, Twitter, Instagram",Democrat,37,Female,Black,United States,United States,United States,English,No,Full-Time
672a89307501cea0785723a8,66d8e4c119fbcd2677d4eeba,APPROVED,Not Applicable,2024-11-05T21:08:00.086000Z,2024-11-05T21:14:38.675000Z,2024-11-05T21:40:47.197000Z,2024-11-05T21:15:52.473025Z,399.0,CV0XRWGP,408,"Facebook, Youtube, Linkedin, Pinterest, Reddit, Instagram, Flickr, Snapchat, TikTok, Medium",Democrat,46,Female,White,United States,United States,United States,English,No,Part-Time
672a894fe208260422337518,637ef4d4e9abb3274bc1c925,APPROVED,Not Applicable,2024-11-05T21:12:50.246000Z,2024-11-05T21:20:37.857000Z,2024-11-05T21:40:47.416000Z,2024-11-05T21:21:38.308219Z,468.0,CV0XRWGP,3693,"Facebook, Youtube, Twitter, Instagram, Reddit, Snapchat, TikTok",Democrat,50,Male,Asian,United States,United States,United States,English,Yes,Full-Time
672a89a00cdba49475945660,66f267387fb5eaa6419752e4,RETURNED,Not Applicable,2024-11-05T21:10:05.275000Z,,,2024-11-05T21:46:35.988532Z,,,207,CONSENT_REVOKED,CONSENT_REVOKED,CONSENT_REVOKED,CONSENT_REVOKED,CONSENT_REVOKED,CONSENT_REVOKED,CONSENT_REVOKED,CONSENT_REVOKED,CONSENT_REVOKED,CONSENT_REVOKED,CONSENT_REVOKED
672a89cc4e91ced73caba4ee,663a6a13c0b6b4aff21552f8,APPROVED,Not Applicable,2024-11-05T21:10:49.992000Z,2024-11-05T21:18:13.326000Z,2024-11-05T21:40:47.631000Z,2024-11-05T21:18:32.542633Z,444.0,CV0XRWGP,592,Facebook,Democrat,27,Female,White,United States,United States,United States,English,Yes,Full-Time
672a8a05b69530d1461e8cbc,66d1d8685e4434647ba99bd6,APPROVED,Not Applicable,2024-11-05T21:11:40.149000Z,2024-11-05T21:17:35.134000Z,2024-11-05T21:40:47.896000Z,2024-11-05T21:17:39.587336Z,355.0,CV0XRWGP,433,"Twitter, Reddit",Democrat,44,Male,White,United Kingdom,United States,United States,English,No,Unemployed (and job seeking)
672a8a93fe496758e7fad06b,67044a13e04b72a7cdff9bc7,APPROVED,Not Applicable,2024-11-05T21:14:08.475000Z,2024-11-05T21:28:24.193000Z,2024-11-05T21:40:48.189000Z,2024-11-05T21:28:36.925603Z,856.0,CV0XRWGP,112,"Facebook, Youtube, Twitter, Instagram, Linkedin",Democrat,34,Female,White,United States,United States,United States,English,DATA_EXPIRED,Full-Time
672a8ac0259d3d6f2e9ed3c4,66f5d2424e2c1948e2b8f020,APPROVED,Not Applicable,2024-11-05T21:14:52.295000Z,2024-11-05T21:27:24.072000Z,2024-11-05T21:40:48.475000Z,2024-11-05T21:28:08.276243Z,752.0,CV0XRWGP,239,Youtube,Democrat,78,Male,White,United States,United States,United States,English,No,"Not in paid work (e.g. homemaker', 'retired or disabled)"
672a8b7524ee06d565f0c13b,66bdf79c29a4dd71ff4de0d0,APPROVED,Not Applicable,2024-11-05T21:17:49.966000Z,2024-11-05T21:29:50.561000Z,2024-11-05T21:40:48.848000Z,2024-11-05T21:29:51.780568Z,721.0,CV0XRWGP,318,"Facebook, Youtube, Linkedin, Instagram",Democrat,29,Female,White,United States,United States,United States,English,No,Full-Time
672a8b79bb560b06f575baae,664cfc36d05e1ed37dd9f91e,APPROVED,Not Applicable,2024-11-05T21:17:49.267000Z,2024-11-05T21:20:58.801000Z,2024-11-05T21:40:49.214000Z,2024-11-05T21:21:45.337645Z,190.0,CV0XRWGP,866,"Youtube, Twitter, Linkedin, Instagram, Reddit, Flickr, TikTok",Democrat,33,Male,White,United States,United States,United States,English,No,Part-Time
672a8b9c6c71728473fcd4a2,64836981f87b85ab4b89dcf1,APPROVED,Not Applicable,2024-11-05T21:18:33.255000Z,2024-11-05T21:24:46.644000Z,2024-11-05T21:40:49.842000Z,2024-11-05T21:24:49.509394Z,374.0,CV0XRWGP,4882,"Facebook, Youtube, Linkedin",Democrat,62,Female,White,United States,United States,United States,English,No,Unemployed (and job seeking)
672a8bfdf84103afa75d379a,66c22e069fabb04bc1d45d11,APPROVED,Not Applicable,2024-11-05T21:20:02.259000Z,2024-11-05T21:24:59.596000Z,2024-11-05T21:40:50.073000Z,2024-11-05T21:25:39.842063Z,298.0,CV0XRWGP,365,"Facebook, Youtube, Twitter, Reddit, TikTok",Democrat,28,Female,White,United States,United States,United States,English,No,Part-Time
672a8c1e3cf18e536eeb525b,670160e896ff65768997d75f,APPROVED,Not Applicable,2024-11-05T21:20:35.334000Z,2024-11-05T21:23:38.051000Z,2024-11-05T21:40:50.310000Z,2024-11-05T21:23:44.275047Z,183.0,CV0XRWGP,212,"Facebook, Youtube, Twitter",Democrat,54,Female,White,United States,United States,United States,English,No,"Not in paid work (e.g. homemaker', 'retired or disabled)"
672a8c270a13d720667de980,66d0e76532f57b6d5e331265,APPROVED,Not Applicable,2024-11-05T21:20:50.589000Z,2024-11-05T21:29:32.530000Z,2024-11-05T21:40:50.566000Z,2024-11-05T21:29:35.227790Z,522.0,CV0XRWGP,213,"Facebook, Twitter, Youtube, Linkedin, Pinterest, Google Plus",Democrat,23,Female,Black,United States,United States,United States,English,No,Part-Time
672a8c38f46d67e0a38148c7,6710123050faa590f80d96e5,APPROVED,Not Applicable,2024-11-05T21:21:58.653000Z,2024-11-05T21:32:04.988000Z,2024-11-05T21:40:50.830000Z,2024-11-05T21:32:29.191555Z,607.0,CV0XRWGP,84,"Facebook, Youtube, Twitter, Linkedin, Pinterest, Instagram, Reddit, Snapchat, TikTok",Democrat,37,Female,White,United States,United States,United States,English,Yes,Part-Time
672a8c3f155921cc430e0ab1,655fab331d7db2a79875413c,APPROVED,Not Applicable,2024-11-05T21:21:12.065000Z,2024-11-05T21:28:31.790000Z,2024-11-05T21:40:51.061000Z,2024-11-05T22:28:48.484200Z,440.0,CV0XRWGP,477,"Youtube, Instagram, Linkedin",Democrat,30,Female,Asian,United States,United States,United States,English,No,DATA_EXPIRED
672a8cdab75f295ca308e401,6599f1241661eb4a6cf49de0,APPROVED,Not Applicable,2024-11-05T21:24:03.722000Z,2024-11-05T21:37:52.733000Z,2024-11-05T21:40:51.316000Z,2024-11-05T21:37:53.421853Z,830.0,CV0XRWGP,920,"Youtube, Instagram, Snapchat, TikTok",Democrat,40,Female,White,United States,United States,United States,English,DATA_EXPIRED,DATA_EXPIRED
672a8d2bc883c6bcff2fee9b,66fca3f26e3bd3053c0f7780,APPROVED,Not Applicable,2024-11-05T21:25:11.383000Z,2024-11-05T21:32:10.744000Z,2024-11-05T21:40:51.834000Z,2024-11-05T21:35:16.310104Z,420.0,CV0XRWGP,84,"Facebook, Youtube, TikTok",Democrat,52,Female,White,United States,United States,United States,English,No,"Not in paid work (e.g. homemaker', 'retired or disabled)"
672a8e74b12b2b8ed1f7c6ce,6116cd3769f67b5fa5897cb6,APPROVED,Not Applicable,2024-11-05T21:30:35.443000Z,2024-11-05T21:34:14.968000Z,2024-11-05T21:40:52.075000Z,2024-11-05T21:35:36.550115Z,220.0,CV0XRWGP,634,"Facebook, Youtube, Twitter, Linkedin, Pinterest, Instagram, Reddit, Snapchat, TikTok",Democrat,36,Female,White,United States,United States,United States,English,Yes,Full-Time
672a963c5edd330fd1919c25,6659d0da9e79475ef3f31c93,APPROVED,Not Applicable,2024-11-05T22:03:44.191000Z,2024-11-05T22:07:53.878000Z,2024-11-05T22:21:53.314000Z,2024-11-05T22:07:54.963269Z,250.0,CV0XRWGP,702,"Facebook, Youtube, Linkedin, Instagram, Reddit",Democrat,33,Female,White,United States,United States,United States,English,No,Full-Time
672a963c86c28a08d0a9888c,5f481a825080c619ea3709b0,APPROVED,Not Applicable,2024-11-05T22:03:48.303000Z,2024-11-05T22:12:15.308000Z,2024-11-05T22:21:53.562000Z,2024-11-05T22:13:35.772050Z,508.0,CV0XRWGP,3746,"Facebook, Youtube, Twitter, Linkedin, Pinterest, Instagram",Democrat,45,Female,Black,United States,United States,United States,English,No,Part-Time
672a963eaf862a084afa1b05,62aa26c5843008383a1dd08a,APPROVED,Not Applicable,2024-11-05T22:03:46.943000Z,2024-11-05T22:07:21.069000Z,2024-11-05T22:21:53.865000Z,2024-11-05T22:07:21.623142Z,215.0,CV0XRWGP,180,"Facebook, Youtube, Linkedin, Pinterest, Instagram, Reddit, TikTok",Democrat,45,Female,White,United States,United States,United States,English,No,Full-Time
672a96428af536a52bbd5cfa,63d25e62113d835e799c0f06,APPROVED,Not Applicable,2024-11-05T22:03:57.061000Z,2024-11-05T22:14:48.560000Z,2024-11-05T22:21:54.237000Z,2024-11-05T22:14:49.172317Z,652.0,CV0XRWGP,176,"Facebook, Youtube, Twitter, Linkedin, Pinterest, Instagram, Reddit, Meetup, Snapchat",Democrat,29,Male,White,United States,United States,United States,English,No,Full-Time
672a96446156a89b21bb7661,5c90572e1bc01a0016149f0c,APPROVED,Not Applicable,2024-11-05T22:03:58.227000Z,2024-11-05T22:10:29.968000Z,2024-11-05T22:21:54.477000Z,2024-11-05T22:12:55.803836Z,392.0,CV0XRWGP,2442,"Youtube, Facebook, Instagram, Reddit",Democrat,34,Male,White,United States,United States,United States,English,No,Full-Time
672a964713c43a300ebf17d2,65a6e8a81f89619fa4d7b56b,APPROVED,Not Applicable,2024-11-05T22:03:55.132000Z,2024-11-05T22:07:11.081000Z,2024-11-05T22:21:54.715000Z,2024-11-05T22:07:11.608233Z,196.0,CV0XRWGP,479,"Youtube, Linkedin, Instagram, Snapchat",Democrat,22,Female,White,Germany,United States,United States,English,DATA_EXPIRED,DATA_EXPIRED
672a96476e57d7ef02ee4ef3,6108371497aafd9304252dea,APPROVED,Not Applicable,2024-11-05T22:04:08.608000Z,2024-11-05T22:08:44.594000Z,2024-11-05T22:21:54.940000Z,2024-11-05T22:08:45.678080Z,276.0,CV0XRWGP,283,"Facebook, Twitter, Linkedin, Pinterest, Instagram, Reddit, Snapchat, TikTok",Democrat,28,Female,White,United States,United States,United States,English,No,Full-Time
672a96482dc4cfa01586bb2a,5d092069fb1a540001dd5028,APPROVED,Not Applicable,2024-11-05T22:03:57.149000Z,2024-11-05T22:09:49.521000Z,2024-11-05T22:21:55.173000Z,2024-11-05T22:10:44.585381Z,353.0,CV0XRWGP,3535,"Reddit, Twitter, Youtube, Facebook, Linkedin, Pinterest, Instagram, Flickr",Democrat,29,Female,White,United States,United States,United States,English,No,Full-Time
672a9649f8c608bf0057203e,617452347986aeaf4d2e5278,APPROVED,Not Applicable,2024-11-05T22:04:01.126000Z,2024-11-05T22:07:55.589000Z,2024-11-05T22:21:55.403000Z,2024-11-05T22:08:04.758941Z,235.0,CV0XRWGP,112,"Facebook, Youtube, Twitter, Reddit, TikTok",Democrat,25,Male,White,United States,United States,United States,English,No,Unemployed (and job seeking)
672a964e74aa86c87255b668,5ee2d96eac3291203650f16e,APPROVED,Not Applicable,2024-11-05T22:04:05.064000Z,2024-11-05T22:08:29.307000Z,2024-11-05T22:21:55.636000Z,2024-11-05T22:08:29.962679Z,265.0,CV0XRWGP,5130,"Youtube, Twitter, Facebook, Tumblr, Instagram, Reddit, Vine.co",Democrat,28,Male,White,United States,United States,United States,English,No,Unemployed (and job seeking)
672a9b0c28df90464176ad92,66465afcd7be26227a70ea74,APPROVED,Not Applicable,2024-11-05T22:24:18.584000Z,2024-11-05T22:29:43.622000Z,2024-11-05T22:35:07.141000Z,2024-11-05T22:29:45.046605Z,326.0,CV0XRWGP,555,"Twitter, Youtube, Pinterest, Reddit",Democrat,36,Female,Mixed,United States,United States,United States,English,No,Full-Time
672aa1aed0f7f235f7ef9927,67296c945c2b23b3b4f9d079,APPROVED,Not Applicable,2024-11-05T22:52:34.784000Z,2024-11-05T22:56:41.463000Z,2024-11-05T23:07:51.654000Z,2024-11-05T22:56:42.175716Z,247.0,CV0XRWGP,28,"Tumblr, Pinterest, Twitter, Youtube, Instagram, Reddit, TikTok, Snapchat",Democrat,24,Female,Black,United States,United States,United States,English,No,Full-Time
672aa88f104e8899317d9cbb,5fc50bb38378c80ac88354ef,APPROVED,Not Applicable,2024-11-05T23:21:58.954000Z,2024-11-05T23:31:51.666000Z,2024-11-05T23:35:23.607000Z,2024-11-05T23:31:52.410435Z,593.0,CV0XRWGP,6373,"Facebook, Youtube, Twitter, Linkedin",Democrat,67,Female,Black,United States,United States,United States,English,No,"Not in paid work (e.g. homemaker', 'retired or disabled)"
